order_id,order_ts,order_dt_local,customer_id,store_id,channel,payment_method,coupon_code,shipping_fee,currency
8179,2025-08-16T01:06:04,2025-08-16,1216,51,Retail,CARD,,8.98,AUD
8180,2025-08-16T11:55:36,2025-08-16,833,57,Retail,CASH,,12.30,AUD
8181,2025-08-16T12:15:35,2025-08-16,144,56,Retail,PAYPAL,,11.46,AUD
8182,2025-08-16T15:39:51,2025-08-16,846,73,Retail,AFTERPAY,,10.02,AUD
8183,2025-08-16T08:09:55,2025-08-16,696,6,Retail,PAYPAL,,9.23,AUD
8184,2025-08-16T14:51:57,2025-08-16,913,10,Retail,CARD,,3.84,AUD
8185,2025-08-16T20:29:37,2025-08-16,1144,10,Retail,CARD,COUPON677,9.97,AUD
8186,2025-08-16T13:35:13,2025-08-16,940,72,Retail,AFTERPAY,,14.77,AUD
8187,2025-08-16T07:01:21,2025-08-16,102,90,Retail,PAYPAL,,17.93,AUD
8188,2025-08-16T15:19:48,2025-08-16,154,83,Retail,AFTERPAY,,8.32,AUD
8189,2025-08-16T03:19:23,2025-08-16,1033,90,Retail,CARD,COUPON804,10.55,AUD
8190,2025-08-16T04:54:32,2025-08-16,131,70,Retail,PAYPAL,,2.92,AUD
8191,2025-08-16T11:44:57,2025-08-16,1329,9999999998,Retail,CASH,,9.55,AUD
8192,2025-08-16T20:25:22,2025-08-16,212,42,Retail,PAYPAL,,14.44,AUD
8193,2025-08-16T19:19:10,2025-08-16,366,1,Retail,CARD,,22.47,AUD
8194,2025-08-16T21:27:30,2025-08-16,800,59,Retail,CARD,,10.14,AUD
8195,2025-08-16T19:30:13,2025-08-16,235,31,Retail,CARD,,4.73,AUD
8196,2025-08-16T08:16:54,2025-08-16,827,42,Retail,CARD,,15.14,AUD
8197,2025-08-16T01:34:14,2025-08-16,636,10,Retail,CASH,,21.86,AUD
8198,2025-08-16T01:44:07,2025-08-16,1283,1,Retail,PAYPAL,,19.59,AUD
8199,2025-08-16T04:39:42,2025-08-16,921,14,Retail,CASH,,15.77,AUD
8200,2025-08-16T23:52:17,2025-08-16,1199,57,Retail,CASH,,14.68,AUD
8201,2025-08-16T02:35:37,2025-08-16,557,81,Retail,AFTERPAY,,15.92,AUD
8202,2025-08-16T10:42:25,2025-08-16,806,67,Retail,CARD,COUPON245,7.04,AUD
8203,2025-08-16T18:29:29,2025-08-16,1567,83,Retail,AFTERPAY,,5.80,AUD
8204,2025-08-16T01:03:20,2025-08-16,583,32,Retail,AFTERPAY,,8.18,AUD
8205,2025-08-16T01:57:14,2025-08-16,1452,37,Retail,AFTERPAY,,15.38,AUD
8206,2025-08-16T20:03:24,2025-08-16,1130,44,Retail,AFTERPAY,COUPON418,11.70,AUD
8207,2025-08-16T22:12:42,2025-08-16,1571,97,Retail,PAYPAL,,14.27,AUD
8208,2025-08-16T10:19:25,2025-08-16,11,20,Retail,AFTERPAY,,21.81,AUD
8209,2025-08-16T16:14:35,2025-08-16,1417,12,Retail,CASH,COUPON727,14.22,AUD
8210,2025-08-16T06:41:48,2025-08-16,51,88,Retail,PAYPAL,,7.31,AUD
8211,2025-08-16T17:18:26,2025-08-16,863,33,Retail,CASH,,11.88,AUD
8212,2025-08-16T06:32:52,2025-08-16,1055,71,Retail,CASH,,7.79,AUD
8213,2025-08-16T03:10:04,2025-08-16,912,53,Retail,CARD,,5.70,AUD
8214,2025-08-16T04:47:39,2025-08-16,750,45,Retail,CASH,COUPON169,9.64,AUD
8215,2025-08-16T18:48:20,2025-08-16,1594,79,Retail,PAYPAL,,18.44,AUD
8216,2025-08-16T19:43:28,2025-08-16,569,46,Retail,CASH,,12.31,AUD
8217,2025-08-16T10:07:46,2025-08-16,40,73,Retail,PAYPAL,,19.37,AUD
8218,2025-08-16T17:07:03,2025-08-16,1385,42,Retail,PAYPAL,,12.09,AUD
8219,2025-08-16T17:41:18,2025-08-16,125,23,Retail,PAYPAL,,16.17,AUD
8220,2025-08-16T13:55:40,2025-08-16,964,29,Retail,PAYPAL,,1.81,AUD
8221,2025-08-16T15:30:45,2025-08-16,315,9,Retail,CASH,,8.91,AUD
8222,2025-08-16T04:25:54,2025-08-16,469,34,Retail,CASH,,17.13,AUD
8223,2025-08-16T03:29:54,2025-08-16,855,83,Retail,AFTERPAY,,18.23,AUD
8224,2025-08-16T03:46:31,2025-08-16,231,36,Retail,CARD,COUPON880,12.16,AUD
8225,2025-08-16T21:18:48,2025-08-16,1015,82,Retail,CARD,,9.86,AUD
8226,2025-08-16T15:00:35,2025-08-16,945,17,Retail,AFTERPAY,COUPON881,6.31,AUD
8227,2025-08-16T00:38:42,2025-08-16,500,63,Retail,AFTERPAY,,9.20,AUD
8228,2025-08-16T10:40:34,2025-08-16,578,19,Retail,CASH,,19.15,AUD
8229,2025-08-16T10:27:18,2025-08-16,1358,2,Retail,AFTERPAY,,4.95,AUD
8230,2025-08-16T18:07:22,2025-08-16,1023,11,Retail,AFTERPAY,,10.01,AUD
8231,2025-08-16T21:51:29,2025-08-16,1384,61,Retail,PAYPAL,COUPON212,10.53,AUD
8232,2025-08-16T13:10:16,2025-08-16,725,18,Retail,PAYPAL,,14.78,AUD
8233,2025-08-16T12:39:44,2025-08-16,1061,36,Retail,CARD,,4.64,AUD
8234,2025-08-16T01:53:12,2025-08-16,1479,71,Retail,CASH,,16.92,AUD
8235,2025-08-16T04:49:59,2025-08-16,1536,36,Retail,AFTERPAY,,12.90,AUD
8236,2025-08-16T16:43:45,2025-08-16,123,48,Retail,AFTERPAY,,1.19,AUD
8237,2025-08-16T04:26:42,2025-08-16,76,65,Retail,AFTERPAY,,4.74,AUD
8238,2025-08-16T03:38:22,2025-08-16,89,44,Retail,CARD,,24.52,AUD
8239,2025-08-16T17:04:04,2025-08-16,175,77,Retail,PAYPAL,,16.85,AUD
8240,2025-08-16T18:30:40,2025-08-16,662,97,Retail,CARD,,13.08,AUD
8241,2025-08-16T14:40:09,2025-08-16,1000,38,Retail,CASH,COUPON872,11.34,AUD
8242,2025-08-16T03:14:32,2025-08-16,1444,54,Retail,AFTERPAY,,6.54,AUD
8243,2025-08-16T20:56:08,2025-08-16,704,3,Retail,CARD,,14.23,AUD
8244,2025-08-16T04:52:57,2025-08-16,1141,63,Retail,CARD,,15.52,AUD
8245,2025-08-16T16:43:31,2025-08-16,519,83,Retail,CARD,,14.96,AUD
8246,2025-08-16T19:14:21,2025-08-16,15,31,Retail,AFTERPAY,,12.19,AUD
8247,2025-08-16T00:30:27,2025-08-16,1178,95,Retail,CASH,,10.49,AUD
8248,2025-08-16T20:22:32,2025-08-16,783,68,Retail,PAYPAL,,13.03,AUD
8249,2025-08-16T01:21:56,2025-08-16,1552,66,Retail,CASH,,0.00,AUD
8250,2025-08-16T06:38:02,2025-08-16,723,93,Retail,CASH,,8.09,AUD
8251,2025-08-16T00:50:39,2025-08-16,126,34,Retail,PAYPAL,,22.61,AUD
8252,2025-08-16T17:11:27,2025-08-16,1418,67,Retail,PAYPAL,,15.84,AUD
8253,2025-08-16T06:26:48,2025-08-16,9,43,Retail,AFTERPAY,,14.25,AUD
8254,2025-08-16T11:07:37,2025-08-16,595,42,Retail,AFTERPAY,,5.80,AUD
8255,2025-08-16T05:36:29,2025-08-16,1124,40,Retail,CARD,,20.06,AUD
8256,2025-08-16T20:33:23,2025-08-16,127,79,Retail,CARD,,7.33,AUD
8257,2025-08-16T09:04:55,2025-08-16,527,33,Retail,PAYPAL,,8.37,AUD
8258,2025-08-16T22:53:07,2025-08-16,1189,82,Retail,CASH,,15.70,AUD
8259,2025-08-16T16:38:15,2025-08-16,1491,70,Retail,CASH,,10.63,AUD
8260,2025-08-16T23:21:18,2025-08-16,1370,85,Retail,PAYPAL,,7.84,AUD
8261,2025-08-16T01:35:38,2025-08-16,605,91,Retail,PAYPAL,,9.44,AUD
8262,2025-08-16T05:55:28,2025-08-16,1246,67,Retail,AFTERPAY,,3.07,AUD
8263,2025-08-16T09:45:20,2025-08-16,292,40,Retail,CASH,,12.94,AUD
8264,2025-08-16T17:20:01,2025-08-16,230,26,Retail,AFTERPAY,,11.84,AUD
8265,2025-08-16T22:08:49,2025-08-16,603,49,Retail,CARD,,13.61,AUD
8266,2025-08-16T10:15:53,2025-08-16,115,99,Retail,CASH,,12.22,AUD
8267,2025-08-16T07:01:28,2025-08-16,1462,27,Retail,AFTERPAY,,16.65,AUD
8268,2025-08-16T22:39:47,2025-08-16,65,91,Retail,CARD,,9.72,AUD
8269,2025-08-16T16:34:14,2025-08-16,1417,33,Retail,PAYPAL,COUPON575,9.29,AUD
8270,2025-08-16T05:39:41,2025-08-16,332,83,Retail,PAYPAL,,16.22,AUD
8271,2025-08-16T01:47:24,2025-08-16,1563,48,Retail,CARD,,10.08,AUD
8272,2025-08-16T04:52:02,2025-08-16,570,78,Retail,AFTERPAY,,10.25,AUD
8273,2025-08-16T11:32:29,2025-08-16,416,16,Retail,AFTERPAY,COUPON272,8.61,AUD
8274,2025-08-16T15:31:39,2025-08-16,393,37,Retail,CARD,,10.79,AUD
8275,2025-08-16T22:06:03,2025-08-16,499,57,Retail,CARD,,12.24,AUD
8276,2025-08-16T09:06:33,2025-08-16,129,81,Retail,CARD,,18.85,AUD
8277,2025-08-16T00:22:05,2025-08-16,1445,14,Retail,CASH,,6.49,AUD
8278,2025-08-16T18:56:02,2025-08-16,110,16,Retail,AFTERPAY,,4.47,AUD
8279,2025-08-16T18:27:36,2025-08-16,868,49,Retail,AFTERPAY,,10.20,AUD
8280,2025-08-16T13:00:35,2025-08-16,1527,17,Retail,PAYPAL,,7.75,AUD
8281,2025-08-16T11:33:36,2025-08-16,1033,56,Retail,PAYPAL,,19.36,AUD
8282,2025-08-16T20:19:55,2025-08-16,1571,73,Retail,AFTERPAY,,14.01,AUD
8283,2025-08-16T11:04:19,2025-08-16,1056,18,Retail,PAYPAL,,9.02,AUD
8284,2025-08-16T03:15:29,2025-08-16,1393,70,Retail,PAYPAL,,16.44,AUD
8285,2025-08-16T10:54:31,2025-08-16,1420,48,Retail,AFTERPAY,COUPON220,23.93,AUD
8286,2025-08-16T15:18:15,2025-08-16,657,20,Retail,PAYPAL,COUPON896,11.55,AUD
8287,2025-08-16T07:05:54,2025-08-16,534,48,Retail,AFTERPAY,,13.98,AUD
8288,2025-08-16T17:13:23,2025-08-16,479,50,Retail,PAYPAL,,27.44,AUD
8289,2025-08-16T12:21:20,2025-08-16,1023,61,Retail,CARD,,16.99,AUD
8290,2025-08-16T08:31:43,2025-08-16,1462,53,Retail,CASH,,18.69,AUD
8291,2025-08-16T08:04:53,2025-08-16,1277,98,Retail,PAYPAL,COUPON446,7.80,AUD
8292,2025-08-16T17:35:15,2025-08-16,1356,65,Retail,CARD,,16.53,AUD
8293,2025-08-16T10:49:09,2025-08-16,516,72,Retail,CARD,COUPON362,20.97,AUD
8294,2025-08-16T09:01:51,2025-08-16,1523,31,Retail,CASH,,4.48,AUD
8295,2025-08-16T01:36:59,2025-08-16,1096,52,Retail,PAYPAL,,3.45,AUD
8296,2025-08-16T23:45:11,2025-08-16,141,44,Retail,PAYPAL,,11.91,AUD
8297,2025-08-16T05:16:38,2025-08-16,1496,12,Retail,AFTERPAY,,12.38,AUD
8298,2025-08-16T09:51:17,2025-08-16,1205,24,Retail,CARD,,18.83,AUD
8299,2025-08-16T11:53:23,2025-08-16,114,81,Retail,AFTERPAY,,7.45,AUD
8300,2025-08-16T17:02:48,2025-08-16,219,47,Retail,CARD,,24.66,AUD
8301,2025-08-16T18:45:42,2025-08-16,222,87,Retail,CASH,,11.91,AUD
8302,2025-08-16T09:49:52,2025-08-16,767,94,Retail,AFTERPAY,,18.85,AUD
8303,2025-08-16T12:11:12,2025-08-16,314,90,Retail,CARD,,4.67,AUD
8304,2025-08-16T16:13:12,2025-08-16,1367,60,Retail,CASH,,11.66,AUD
8305,2025-08-16T17:05:44,2025-08-16,1008,34,Retail,CARD,COUPON293,12.27,AUD
8306,2025-08-16T22:36:16,2025-08-16,833,41,Retail,CASH,,8.53,AUD
8307,2025-08-16T11:53:47,2025-08-16,257,9999999998,Retail,AFTERPAY,,9.28,AUD
8308,2025-08-16T03:46:20,2025-08-16,442,68,Retail,CASH,,5.09,AUD
8309,2025-08-16T18:42:11,2025-08-16,1284,70,Retail,PAYPAL,,11.80,AUD
8310,2025-08-16T04:33:54,2025-08-16,1263,47,Retail,AFTERPAY,COUPON395,5.26,AUD
8311,2025-08-16T16:25:58,2025-08-16,891,63,Retail,CASH,COUPON856,12.74,AUD
8312,2025-08-16T10:13:03,2025-08-16,389,28,Retail,CASH,COUPON341,9.54,AUD
8313,2025-08-16T06:26:22,2025-08-16,74,35,Retail,CASH,,10.16,AUD
8314,2025-08-16T15:04:22,2025-08-16,143,2,Retail,PAYPAL,,5.18,AUD
8315,2025-08-16T19:03:13,2025-08-16,281,20,Retail,CASH,,18.43,AUD
8316,2025-08-16T04:49:12,2025-08-16,713,50,Retail,CARD,,7.20,AUD
8317,2025-08-16T13:29:14,2025-08-16,123,62,Retail,AFTERPAY,,20.02,AUD
8318,2025-08-16T11:01:14,2025-08-16,53,29,Retail,CASH,,16.29,AUD
8319,2025-08-16T21:08:23,2025-08-16,231,67,Retail,AFTERPAY,,8.86,AUD
8320,2025-08-16T16:34:36,2025-08-16,1064,95,Retail,CARD,,6.02,AUD
8321,2025-08-16T17:56:48,2025-08-16,1383,50,Retail,AFTERPAY,,3.56,AUD
8322,2025-08-16T21:46:26,2025-08-16,1339,46,Retail,CASH,,17.97,AUD
8323,2025-08-16T08:16:31,2025-08-16,960,51,Retail,CASH,,13.29,AUD
8324,2025-08-16T05:31:41,2025-08-16,1237,43,Retail,AFTERPAY,,18.66,AUD
8325,2025-08-16T08:43:00,2025-08-16,539,20,Retail,AFTERPAY,,14.61,AUD
8326,2025-08-16T14:08:47,2025-08-16,221,91,Retail,PAYPAL,,9.45,AUD
8327,2025-08-16T12:21:52,2025-08-16,889,59,Retail,CARD,,8.47,AUD
8328,2025-08-16T13:13:41,2025-08-16,81,33,Retail,AFTERPAY,COUPON466,2.30,AUD
8329,2025-08-16T16:43:33,2025-08-16,9999999999,92,Retail,CASH,COUPON636,15.18,AUD
8330,2025-08-16T12:14:31,2025-08-16,1486,43,Retail,PAYPAL,,17.42,AUD
8331,2025-08-16T03:35:49,2025-08-16,1380,80,Retail,CARD,,17.80,AUD
8332,2025-08-16T12:48:19,2025-08-16,381,25,Retail,CARD,,15.88,AUD
8333,2025-08-16T19:45:56,2025-08-16,134,13,Retail,CARD,,22.13,AUD
8334,2025-08-16T00:55:08,2025-08-16,446,22,Retail,PAYPAL,,13.32,AUD
8335,2025-08-16T05:57:42,2025-08-16,1249,26,Retail,CASH,,5.70,AUD
8336,2025-08-16T01:06:13,2025-08-16,545,88,Retail,CASH,,15.43,AUD
8337,2025-08-16T17:59:51,2025-08-16,664,49,Retail,PAYPAL,COUPON503,14.06,AUD
8338,2025-08-16T15:01:40,2025-08-16,1597,72,Retail,CARD,,12.14,AUD
8339,2025-08-16T23:22:10,2025-08-16,1288,14,Retail,PAYPAL,,9.06,AUD
8340,2025-08-16T23:21:44,2025-08-16,314,33,Retail,AFTERPAY,COUPON182,15.30,AUD
8341,2025-08-16T19:12:48,2025-08-16,747,13,Retail,CASH,,15.66,AUD
8342,2025-08-16T16:50:55,2025-08-16,1134,78,Retail,AFTERPAY,,10.37,AUD
8343,2025-08-16T10:49:19,2025-08-16,694,50,Retail,PAYPAL,COUPON973,12.95,AUD
8344,2025-08-16T05:21:34,2025-08-16,1568,89,Retail,PAYPAL,,13.84,AUD
8345,2025-08-16T02:52:30,2025-08-16,591,13,Retail,CARD,,15.75,AUD
8346,2025-08-16T17:43:13,2025-08-16,584,69,Retail,PAYPAL,,12.87,AUD
8347,2025-08-16T11:22:58,2025-08-16,1153,23,Retail,CARD,,14.24,AUD
8348,2025-08-16T05:05:25,2025-08-16,294,62,Retail,CASH,COUPON624,11.39,AUD
8349,2025-08-16T15:55:59,2025-08-16,1590,32,Retail,CARD,,12.21,AUD
8350,2025-08-16T08:44:17,2025-08-16,155,37,Retail,CARD,COUPON406,11.97,AUD
8351,2025-08-16T20:15:08,2025-08-16,257,71,Retail,PAYPAL,,15.86,AUD
8352,2025-08-16T06:58:09,2025-08-16,1090,83,Retail,CASH,,15.36,AUD
8353,2025-08-16T03:15:13,2025-08-16,404,21,Retail,CARD,,6.54,AUD
8354,2025-08-16T00:06:59,2025-08-16,1427,82,Retail,PAYPAL,,1.61,AUD
8355,2025-08-16T05:39:37,2025-08-16,771,92,Retail,CARD,COUPON769,14.34,AUD
8356,2025-08-16T08:22:19,2025-08-16,1600,60,Retail,AFTERPAY,,8.93,AUD
8357,2025-08-16T06:05:40,2025-08-16,973,65,Retail,CASH,COUPON753,22.57,AUD
8358,2025-08-16T22:18:39,2025-08-16,322,90,Retail,CASH,,23.68,AUD
8359,2025-08-16T23:26:31,2025-08-16,3,34,Retail,CASH,,17.81,AUD
8360,2025-08-16T17:09:11,2025-08-16,957,34,Retail,PAYPAL,,13.69,AUD
8361,2025-08-16T12:57:12,2025-08-16,1526,5,Retail,PAYPAL,COUPON853,13.10,AUD
8362,2025-08-16T15:46:11,2025-08-16,577,26,Retail,PAYPAL,,6.07,AUD
8363,2025-08-16T05:46:28,2025-08-16,5,53,Retail,CARD,,17.51,AUD
8364,2025-08-16T15:03:41,2025-08-16,1560,32,Retail,PAYPAL,,15.37,AUD
8365,2025-08-16T12:40:28,2025-08-16,1221,74,Retail,CASH,,17.15,AUD
8366,2025-08-16T08:32:36,2025-08-16,937,87,Retail,CASH,COUPON382,15.22,AUD
8367,2025-08-16T21:43:39,2025-08-16,1477,99,Retail,AFTERPAY,,11.06,AUD
8368,2025-08-16T06:08:09,2025-08-16,505,9,Retail,AFTERPAY,,9.39,AUD
8369,2025-08-16T06:58:37,2025-08-16,276,68,Retail,CARD,,17.52,AUD
8370,2025-08-16T20:41:48,2025-08-16,634,4,Retail,CARD,,5.75,AUD
8371,2025-08-16T00:35:47,2025-08-16,1043,1,Retail,CASH,,14.77,AUD
8372,2025-08-16T01:53:21,2025-08-16,423,42,Retail,CARD,,11.31,AUD
8373,2025-08-16T20:06:29,2025-08-16,228,90,Retail,PAYPAL,COUPON816,11.84,AUD
8374,2025-08-16T12:50:04,2025-08-16,380,38,Retail,AFTERPAY,,4.87,AUD
8375,2025-08-16T02:49:00,2025-08-16,1279,46,Retail,CARD,COUPON990,7.62,AUD
8376,2025-08-16T05:55:32,2025-08-16,1337,20,Retail,CASH,,15.27,AUD
8377,2025-08-16T17:21:41,2025-08-16,305,59,Retail,PAYPAL,,20.28,AUD
8378,2025-08-16T14:47:10,2025-08-16,570,52,Retail,CASH,,19.71,AUD
8379,2025-08-16T00:58:06,2025-08-16,433,61,Retail,CARD,,15.42,AUD
8380,2025-08-16T11:39:32,2025-08-16,1141,98,Retail,CARD,,8.09,AUD
8381,2025-08-16T09:49:58,2025-08-16,1170,18,Retail,CASH,COUPON233,5.75,AUD
8382,2025-08-16T01:25:47,2025-08-16,388,91,Retail,CARD,,18.49,AUD
8383,2025-08-16T06:58:06,2025-08-16,545,96,Retail,CARD,COUPON236,7.73,AUD
8384,2025-08-16T06:05:10,2025-08-16,337,80,Retail,CASH,,13.75,AUD
8385,2025-08-16T19:00:52,2025-08-16,435,77,Retail,AFTERPAY,,4.09,AUD
8386,2025-08-16T02:35:16,2025-08-16,773,19,Retail,PAYPAL,,17.71,AUD
8387,2025-08-16T14:04:41,2025-08-16,1205,13,Retail,AFTERPAY,,14.99,AUD
8388,2025-08-16T20:47:48,2025-08-16,1541,32,Retail,CARD,,14.53,AUD
8389,2025-08-16T16:24:27,2025-08-16,197,78,Retail,CASH,,14.75,AUD
8390,2025-08-16T05:44:02,2025-08-16,1553,46,Retail,CASH,,10.00,AUD
8391,2025-08-16T21:08:34,2025-08-16,399,37,Retail,CARD,,15.76,AUD
8392,2025-08-16T06:42:00,2025-08-16,408,71,Retail,CARD,,6.24,AUD
8393,2025-08-16T23:27:51,2025-08-16,262,21,Retail,PAYPAL,COUPON258,14.91,AUD
8394,2025-08-16T15:00:53,2025-08-16,277,73,Retail,PAYPAL,,6.05,AUD
8395,2025-08-16T19:49:07,2025-08-16,1194,83,Retail,PAYPAL,,20.91,AUD
8396,2025-08-16T09:20:08,2025-08-16,185,4,Retail,CARD,,11.75,AUD
8397,2025-08-16T04:02:55,2025-08-16,912,99,Retail,CASH,,11.95,AUD
8398,2025-08-16T04:47:55,2025-08-16,638,43,Retail,PAYPAL,,17.14,AUD
8399,2025-08-16T12:39:14,2025-08-16,991,6,Retail,CASH,COUPON351,16.79,AUD
8400,2025-08-16T14:37:56,2025-08-16,257,23,Retail,PAYPAL,COUPON610,9.58,AUD
8401,2025-08-16T03:06:44,2025-08-16,1151,52,Retail,AFTERPAY,,13.20,AUD
8402,2025-08-16T23:29:16,2025-08-16,487,13,Retail,CARD,,6.86,AUD
8403,2025-08-16T18:09:15,2025-08-16,689,47,Retail,CASH,COUPON468,11.41,AUD
8404,2025-08-16T13:44:42,2025-08-16,187,22,Retail,PAYPAL,,17.12,AUD
8405,2025-08-16T22:20:21,2025-08-16,1247,49,Retail,CASH,,9.80,AUD
8406,2025-08-16T21:36:33,2025-08-16,1011,46,Retail,CASH,,16.22,AUD
8407,2025-08-16T22:45:09,2025-08-16,267,89,Retail,PAYPAL,,11.14,AUD
8408,2025-08-16T22:24:58,2025-08-16,1003,85,Retail,AFTERPAY,,11.57,AUD
8409,2025-08-16T21:27:15,2025-08-16,976,92,Retail,CASH,,5.07,AUD
8410,2025-08-16T10:10:42,2025-08-16,1105,44,Retail,CASH,,4.02,AUD
8411,2025-08-16T12:28:28,2025-08-16,465,12,Retail,PAYPAL,,12.65,AUD
8412,2025-08-16T09:45:54,2025-08-16,795,17,Retail,CASH,,16.29,AUD
8413,2025-08-16T06:35:21,2025-08-16,1288,44,Retail,PAYPAL,,3.49,AUD
8414,2025-08-16T08:45:56,2025-08-16,266,47,Retail,CASH,,10.26,AUD
8415,2025-08-16T17:12:57,2025-08-16,851,35,Retail,AFTERPAY,,9.37,AUD
8416,2025-08-16T22:11:55,2025-08-16,245,100,Retail,CASH,,12.65,AUD
8417,2025-08-16T04:23:51,2025-08-16,1405,46,Retail,CARD,,14.16,AUD
8418,2025-08-16T10:24:17,2025-08-16,54,21,Retail,PAYPAL,,9.02,AUD
8419,2025-08-16T00:25:29,2025-08-16,1242,66,Retail,CARD,COUPON566,14.93,AUD
8420,2025-08-16T03:38:15,2025-08-16,985,73,Retail,PAYPAL,,8.48,AUD
8421,2025-08-16T14:23:34,2025-08-16,268,84,Retail,PAYPAL,,12.51,AUD
8422,2025-08-16T22:03:17,2025-08-16,1005,94,Retail,AFTERPAY,,13.50,AUD
8423,2025-08-16T04:49:44,2025-08-16,511,44,Retail,CARD,,17.46,AUD
8424,2025-08-16T04:31:32,2025-08-16,575,82,Retail,CASH,,1.65,AUD
8425,2025-08-16T23:39:24,2025-08-16,81,53,Retail,AFTERPAY,COUPON683,10.06,AUD
8426,2025-08-16T12:46:56,2025-08-16,865,9999999998,Retail,CARD,,19.82,AUD
8427,2025-08-16T08:13:04,2025-08-16,1424,90,Retail,AFTERPAY,,12.63,AUD
8428,2025-08-16T13:28:20,2025-08-16,529,6,Retail,PAYPAL,,11.75,AUD
8429,2025-08-16T02:15:20,2025-08-16,1526,90,Retail,AFTERPAY,,10.89,AUD
8430,2025-08-16T13:14:33,2025-08-16,1303,62,Retail,PAYPAL,,17.89,AUD
8431,2025-08-16T17:20:45,2025-08-16,871,35,Retail,PAYPAL,,15.83,AUD
8432,2025-08-16T14:46:33,2025-08-16,102,76,Retail,CARD,,10.84,AUD
8433,2025-08-16T21:06:08,2025-08-16,248,34,Retail,PAYPAL,COUPON756,7.65,AUD
8434,2025-08-16T08:45:28,2025-08-16,130,20,Retail,AFTERPAY,,16.39,AUD
8435,2025-08-16T00:46:29,2025-08-16,412,4,Retail,PAYPAL,,5.25,AUD
8436,2025-08-16T07:36:29,2025-08-16,396,14,Retail,AFTERPAY,COUPON338,9.63,AUD
8437,2025-08-16T05:24:54,2025-08-16,309,1,Retail,AFTERPAY,,12.94,AUD
8438,2025-08-16T00:18:30,2025-08-16,262,88,Retail,AFTERPAY,COUPON773,12.19,AUD
8439,2025-08-16T23:53:33,2025-08-16,613,91,Retail,CARD,,9.85,AUD
8440,2025-08-16T08:49:23,2025-08-16,1564,55,Retail,AFTERPAY,,4.01,AUD
8441,2025-08-16T22:04:22,2025-08-16,672,12,Retail,AFTERPAY,,8.14,AUD
8442,2025-08-16T15:09:00,2025-08-16,983,51,Retail,AFTERPAY,,11.15,AUD
8443,2025-08-16T23:17:56,2025-08-16,891,38,Retail,AFTERPAY,,16.65,AUD
8444,2025-08-16T03:26:26,2025-08-16,1515,12,Retail,AFTERPAY,,13.17,AUD
8445,2025-08-16T17:52:25,2025-08-16,1487,29,Retail,CARD,,9.38,AUD
8446,2025-08-16T07:39:23,2025-08-16,1107,6,Retail,AFTERPAY,,15.73,AUD
8447,2025-08-16T05:16:31,2025-08-16,554,50,Retail,CASH,,9.27,AUD
8448,2025-08-16T03:35:54,2025-08-16,776,65,Retail,PAYPAL,,10.20,AUD
8449,2025-08-16T08:33:13,2025-08-16,956,31,Retail,AFTERPAY,,6.41,AUD
8450,2025-08-16T21:58:06,2025-08-16,1155,2,Retail,CASH,,11.36,AUD
8451,2025-08-16T14:46:32,2025-08-16,1590,9,Retail,AFTERPAY,,19.44,AUD
8452,2025-08-16T01:36:24,2025-08-16,1501,15,Retail,CASH,,7.07,AUD
8453,2025-08-16T11:24:31,2025-08-16,1323,94,Retail,CASH,COUPON397,23.24,AUD
8454,2025-08-16T09:09:59,2025-08-16,612,2,Retail,AFTERPAY,,16.16,AUD
8455,2025-08-16T03:28:26,2025-08-16,1457,36,Retail,CARD,,5.99,AUD
8456,2025-08-16T14:39:21,2025-08-16,1458,65,Retail,CARD,,13.84,AUD
8457,2025-08-16T05:47:18,2025-08-16,1442,27,Retail,PAYPAL,,0.53,AUD
8458,2025-08-16T22:04:34,2025-08-16,667,57,Retail,CARD,,13.32,AUD
8459,2025-08-16T02:14:09,2025-08-16,132,45,Retail,CARD,,17.10,AUD
8460,2025-08-16T11:36:21,2025-08-16,1066,88,Retail,CARD,,4.93,AUD
8461,2025-08-16T05:54:38,2025-08-16,605,54,Retail,AFTERPAY,,0.56,AUD
8462,2025-08-16T20:35:09,2025-08-16,867,9999999998,Retail,PAYPAL,,10.30,AUD
8463,2025-08-16T02:13:09,2025-08-16,1421,75,Retail,CASH,,6.01,AUD
8464,2025-08-16T22:30:26,2025-08-16,406,27,Retail,CASH,,14.13,AUD
8465,2025-08-16T14:32:38,2025-08-16,957,32,Retail,AFTERPAY,,15.86,AUD
8466,2025-08-16T18:26:37,2025-08-16,1299,51,Retail,CARD,COUPON204,12.48,AUD
8467,2025-08-16T00:10:39,2025-08-16,93,98,Retail,CARD,COUPON282,10.05,AUD
8468,2025-08-16T07:47:40,2025-08-16,1148,46,Retail,PAYPAL,,7.67,AUD
8469,2025-08-16T20:55:04,2025-08-16,360,74,Retail,CASH,,12.94,AUD
8470,2025-08-16T13:50:18,2025-08-16,1180,30,Retail,PAYPAL,COUPON711,7.51,AUD
8471,2025-08-16T04:10:47,2025-08-16,1420,90,Retail,CARD,,11.94,AUD
8472,2025-08-16T10:37:27,2025-08-16,324,48,Retail,AFTERPAY,,18.62,AUD
8473,2025-08-16T00:43:05,2025-08-16,930,73,Retail,AFTERPAY,,13.01,AUD
8474,2025-08-16T22:30:43,2025-08-16,255,35,Retail,AFTERPAY,,9.32,AUD
8475,2025-08-16T15:50:45,2025-08-16,65,72,Retail,PAYPAL,,11.59,AUD
8476,2025-08-16T00:29:16,2025-08-16,1311,13,Retail,AFTERPAY,,18.68,AUD
8477,2025-08-16T04:02:55,2025-08-16,89,46,Retail,AFTERPAY,,6.69,AUD
8478,2025-08-16T20:34:55,2025-08-16,1222,38,Retail,AFTERPAY,,8.80,AUD
8479,2025-08-16T01:04:01,2025-08-16,1177,28,Retail,AFTERPAY,,11.91,AUD
8480,2025-08-16T18:58:43,2025-08-16,690,75,Retail,PAYPAL,,11.54,AUD
8481,2025-08-16T12:13:46,2025-08-16,864,99,Retail,AFTERPAY,,2.15,AUD
8482,2025-08-16T13:37:47,2025-08-16,189,91,Retail,AFTERPAY,,10.89,AUD
8483,2025-08-16T15:55:17,2025-08-16,587,36,Retail,PAYPAL,,15.86,AUD
8484,2025-08-16T02:11:54,2025-08-16,482,71,Retail,PAYPAL,,17.90,AUD
8485,2025-08-16T19:11:18,2025-08-16,92,78,Retail,CASH,,18.91,AUD
8486,2025-08-16T10:02:44,2025-08-16,84,39,Retail,PAYPAL,,10.29,AUD
8487,2025-08-16T01:40:35,2025-08-16,865,84,Retail,CASH,,9.47,AUD
8488,2025-08-16T06:13:11,2025-08-16,497,63,Retail,CASH,,7.34,AUD
8489,2025-08-16T23:31:42,2025-08-16,1571,16,Retail,CASH,COUPON769,7.83,AUD
8490,2025-08-16T02:04:36,2025-08-16,1580,4,Retail,PAYPAL,COUPON677,10.08,AUD
8491,2025-08-16T13:29:27,2025-08-16,128,71,Retail,PAYPAL,,14.64,AUD
8492,2025-08-16T13:00:28,2025-08-16,754,46,Retail,AFTERPAY,,13.97,AUD
8493,2025-08-16T12:33:06,2025-08-16,1445,38,Retail,CASH,,16.48,AUD
8494,2025-08-16T14:24:12,2025-08-16,28,9,Retail,PAYPAL,,0.37,AUD
8495,2025-08-16T00:10:59,2025-08-16,1431,45,Retail,CASH,,7.26,AUD
8496,2025-08-16T20:38:27,2025-08-16,311,77,Retail,PAYPAL,,13.61,AUD
8497,2025-08-16T09:52:08,2025-08-16,1212,52,Retail,AFTERPAY,,12.67,AUD
8498,2025-08-16T13:42:30,2025-08-16,1106,52,Retail,CASH,,9.04,AUD
8499,2025-08-16T22:22:45,2025-08-16,1392,4,Retail,CARD,,8.17,AUD
8500,2025-08-16T07:51:37,2025-08-16,1227,54,Retail,AFTERPAY,,8.18,AUD
8501,2025-08-16T06:34:28,2025-08-16,9999999999,35,Retail,CARD,,11.19,AUD
8502,2025-08-16T23:58:49,2025-08-16,1460,20,Retail,CASH,,16.77,AUD
8503,2025-08-16T08:44:37,2025-08-16,1551,37,Retail,CARD,,13.78,AUD
8504,2025-08-16T16:48:20,2025-08-16,1432,75,Retail,CASH,,18.80,AUD
8505,2025-08-16T20:43:12,2025-08-16,1040,30,Retail,PAYPAL,,11.25,AUD
8506,2025-08-16T03:21:45,2025-08-16,586,54,Retail,AFTERPAY,,6.92,AUD
8507,2025-08-16T07:15:02,2025-08-16,427,60,Retail,PAYPAL,,6.08,AUD
8508,2025-08-16T07:49:34,2025-08-16,1568,91,Retail,CARD,,19.17,AUD
8509,2025-08-16T04:19:15,2025-08-16,1135,20,Retail,AFTERPAY,COUPON530,11.81,AUD
8510,2025-08-16T16:58:08,2025-08-16,142,7,Retail,CARD,,17.50,AUD
8511,2025-08-16T05:35:46,2025-08-16,1364,25,Retail,AFTERPAY,,12.48,AUD
8512,2025-08-16T06:38:30,2025-08-16,751,47,Retail,CASH,,14.46,AUD
8513,2025-08-16T20:30:06,2025-08-16,1203,41,Retail,CARD,,13.33,AUD
8514,2025-08-16T15:52:44,2025-08-16,217,83,Retail,CASH,,4.28,AUD
8515,2025-08-16T04:42:56,2025-08-16,1111,8,Retail,AFTERPAY,,11.03,AUD
8516,2025-08-16T05:39:16,2025-08-16,643,68,Retail,CASH,,6.13,AUD
8517,2025-08-16T16:08:09,2025-08-16,889,75,Retail,PAYPAL,,5.68,AUD
8518,2025-08-16T23:38:53,2025-08-16,7,64,Retail,PAYPAL,COUPON840,16.21,AUD
8519,2025-08-16T06:59:26,2025-08-16,429,6,Retail,CASH,,17.63,AUD
8520,2025-08-16T12:29:04,2025-08-16,1093,15,Retail,PAYPAL,,9.26,AUD
8521,2025-08-16T23:15:23,2025-08-16,1500,14,Retail,CARD,,6.33,AUD
8522,2025-08-16T21:08:55,2025-08-16,493,72,Retail,CASH,,10.22,AUD
8523,2025-08-16T23:36:13,2025-08-16,322,4,Retail,CASH,,11.11,AUD
8524,2025-08-16T00:10:27,2025-08-16,1298,33,Retail,CASH,,15.32,AUD
8525,2025-08-16T06:51:04,2025-08-16,1521,64,Retail,AFTERPAY,,13.49,AUD
8526,2025-08-16T23:27:43,2025-08-16,206,80,Retail,AFTERPAY,,3.56,AUD
8527,2025-08-16T06:13:20,2025-08-16,1117,34,Retail,AFTERPAY,,15.13,AUD
8528,2025-08-16T15:16:42,2025-08-16,594,78,Retail,AFTERPAY,,7.38,AUD
8529,2025-08-16T06:30:12,2025-08-16,997,90,Retail,PAYPAL,,17.44,AUD
8530,2025-08-16T18:05:07,2025-08-16,861,91,Retail,CARD,,10.52,AUD
8531,2025-08-16T09:35:42,2025-08-16,941,86,Retail,AFTERPAY,,7.36,AUD
8532,2025-08-16T22:07:56,2025-08-16,671,18,Retail,CASH,,8.29,AUD
8533,2025-08-16T02:48:10,2025-08-16,413,7,Retail,AFTERPAY,,8.56,AUD
8534,2025-08-16T01:58:10,2025-08-16,22,30,Retail,CASH,,11.00,AUD
8535,2025-08-16T01:06:04,2025-08-16,145,84,Retail,CARD,,7.61,AUD
8536,2025-08-16T04:14:04,2025-08-16,1225,100,Retail,CASH,,15.96,AUD
8537,2025-08-16T19:01:27,2025-08-16,899,88,Retail,AFTERPAY,,14.83,AUD
8538,2025-08-16T12:20:19,2025-08-16,1486,97,Retail,CARD,COUPON846,16.46,AUD
8539,2025-08-16T11:48:00,2025-08-16,504,99,Retail,CARD,COUPON629,9.81,AUD
8540,2025-08-16T09:12:05,2025-08-16,184,12,Retail,AFTERPAY,,8.42,AUD
8541,2025-08-16T20:42:17,2025-08-16,1246,40,Retail,PAYPAL,,12.17,AUD
8542,2025-08-16T10:57:24,2025-08-16,1194,24,Retail,CARD,COUPON819,14.41,AUD
8543,2025-08-16T13:21:31,2025-08-16,733,27,Retail,AFTERPAY,,0.00,AUD
8544,2025-08-16T02:32:35,2025-08-16,98,34,Retail,AFTERPAY,,18.55,AUD
8545,2025-08-16T19:55:42,2025-08-16,59,98,Retail,AFTERPAY,,13.13,AUD
8546,2025-08-16T18:48:49,2025-08-16,1451,40,Retail,PAYPAL,COUPON756,9.61,AUD
8547,2025-08-16T21:48:08,2025-08-16,736,78,Retail,CASH,,15.56,AUD
8548,2025-08-16T18:55:05,2025-08-16,98,43,Retail,CARD,,12.64,AUD
8549,2025-08-16T02:26:47,2025-08-16,485,18,Retail,PAYPAL,,9.54,AUD
8550,2025-08-16T18:26:50,2025-08-16,249,54,Retail,PAYPAL,,10.73,AUD
8551,2025-08-16T02:28:24,2025-08-16,830,1,Retail,PAYPAL,,9.33,AUD
8552,2025-08-16T03:11:10,2025-08-16,283,98,Retail,CASH,,21.26,AUD
8553,2025-08-16T22:35:49,2025-08-16,1213,61,Retail,PAYPAL,,16.66,AUD
8554,2025-08-16T16:07:04,2025-08-16,492,74,Retail,CARD,,14.26,AUD
8555,2025-08-16T10:26:45,2025-08-16,427,9,Retail,AFTERPAY,,13.49,AUD
8556,2025-08-16T12:21:54,2025-08-16,291,15,Retail,CARD,,12.93,AUD
8557,2025-08-16T20:01:10,2025-08-16,1240,9,Retail,AFTERPAY,,9.97,AUD
8558,2025-08-16T18:47:38,2025-08-16,1451,60,Retail,CARD,,13.17,AUD
8559,2025-08-16T22:20:58,2025-08-16,927,45,Retail,AFTERPAY,,12.54,AUD
8560,2025-08-16T03:14:49,2025-08-16,1579,61,Retail,AFTERPAY,,10.30,AUD
8561,2025-08-16T14:45:06,2025-08-16,9999999999,52,Retail,PAYPAL,,18.81,AUD
8562,2025-08-16T03:14:16,2025-08-16,542,9,Retail,CASH,,14.16,AUD
8563,2025-08-16T20:49:15,2025-08-16,1275,87,Retail,CARD,,11.95,AUD
8564,2025-08-16T14:58:34,2025-08-16,1494,47,Retail,CARD,,15.85,AUD
8565,2025-08-16T06:31:02,2025-08-16,220,87,Retail,CARD,,17.95,AUD
8566,2025-08-16T03:20:52,2025-08-16,1448,30,Retail,CARD,,10.88,AUD
8567,2025-08-16T06:37:50,2025-08-16,1550,35,Retail,PAYPAL,,10.79,AUD
8568,2025-08-16T21:43:09,2025-08-16,206,83,Retail,CASH,,14.73,AUD
8569,2025-08-16T17:58:58,2025-08-16,228,27,Retail,CARD,,10.48,AUD
8570,2025-08-16T21:44:08,2025-08-16,754,26,Retail,AFTERPAY,,10.47,AUD
8571,2025-08-16T09:42:01,2025-08-16,538,62,Retail,PAYPAL,,11.58,AUD
8572,2025-08-16T22:27:35,2025-08-16,1483,53,Retail,CARD,COUPON910,21.78,AUD
8573,2025-08-16T01:06:04,2025-08-16,339,4,Retail,AFTERPAY,COUPON698,13.42,AUD
8574,2025-08-16T19:02:25,2025-08-16,1188,8,Retail,AFTERPAY,,14.36,AUD
8575,2025-08-16T08:09:38,2025-08-16,1429,76,Retail,CASH,,5.74,AUD
8576,2025-08-16T03:20:35,2025-08-16,1060,59,Retail,PAYPAL,,16.54,AUD
8577,2025-08-16T21:21:48,2025-08-16,1367,42,Retail,AFTERPAY,,17.98,AUD
8578,2025-08-16T18:11:50,2025-08-16,1191,99,Retail,AFTERPAY,,10.35,AUD
8579,2025-08-16T23:55:20,2025-08-16,1433,41,Retail,CASH,,6.83,AUD
8580,2025-08-16T16:52:35,2025-08-16,209,90,Retail,CARD,,14.79,AUD
8581,2025-08-16T23:29:53,2025-08-16,800,53,Retail,AFTERPAY,,6.32,AUD
8582,2025-08-16T22:57:07,2025-08-16,855,41,Retail,AFTERPAY,,4.14,AUD
8583,2025-08-16T23:18:16,2025-08-16,818,38,Retail,AFTERPAY,,5.74,AUD
8584,2025-08-16T03:07:01,2025-08-16,1319,84,Retail,CASH,,12.33,AUD
8585,2025-08-16T11:42:14,2025-08-16,691,30,Retail,CASH,,15.30,AUD
8586,2025-08-16T06:20:22,2025-08-16,1040,11,Retail,CASH,,7.57,AUD
8587,2025-08-16T16:23:58,2025-08-16,1215,76,Retail,PAYPAL,,10.22,AUD
8588,2025-08-16T04:10:14,2025-08-16,391,3,Retail,PAYPAL,,9.50,AUD
8589,2025-08-16T15:05:44,2025-08-16,166,95,Retail,CARD,,20.03,AUD
8590,2025-08-16T22:34:31,2025-08-16,386,70,Retail,PAYPAL,,13.67,AUD
8591,2025-08-16T14:09:55,2025-08-16,1271,91,Retail,AFTERPAY,,14.78,AUD
8592,2025-08-16T18:13:44,2025-08-16,595,14,Retail,PAYPAL,,22.27,AUD
8593,2025-08-16T19:06:33,2025-08-16,1011,16,Retail,CARD,,13.54,AUD
8594,2025-08-16T06:33:58,2025-08-16,737,17,Retail,AFTERPAY,,11.36,AUD
8595,2025-08-16T08:26:31,2025-08-16,724,20,Retail,CARD,,5.65,AUD
8596,2025-08-16T07:56:25,2025-08-16,186,32,Retail,CARD,COUPON131,9.01,AUD
8597,2025-08-16T21:19:42,2025-08-16,7,86,Retail,CASH,,2.47,AUD
8598,2025-08-16T05:52:52,2025-08-16,1156,60,Retail,CASH,,8.46,AUD
8599,2025-08-16T07:49:05,2025-08-16,1522,94,Retail,PAYPAL,,15.96,AUD
8600,2025-08-16T05:56:17,2025-08-16,323,78,Retail,CASH,,11.33,AUD
8601,2025-08-16T07:31:31,2025-08-16,1280,11,Retail,CARD,,9.81,AUD
8602,2025-08-16T18:08:00,2025-08-16,1593,97,Retail,PAYPAL,COUPON425,15.73,AUD
8603,2025-08-16T01:19:15,2025-08-16,947,20,Retail,CARD,,17.80,AUD
8604,2025-08-16T06:30:40,2025-08-16,708,8,Retail,CARD,,7.25,AUD
8605,2025-08-16T16:28:42,2025-08-16,1082,34,Retail,AFTERPAY,,3.45,AUD
8606,2025-08-16T15:21:57,2025-08-16,1229,57,Retail,CASH,,11.42,AUD
8607,2025-08-16T00:24:53,2025-08-16,1271,88,Retail,CASH,,13.55,AUD
8608,2025-08-16T00:49:41,2025-08-16,237,78,Retail,CARD,,14.25,AUD
8609,2025-08-16T06:04:59,2025-08-16,640,51,Retail,AFTERPAY,COUPON325,8.41,AUD
8610,2025-08-16T02:22:58,2025-08-16,1090,71,Retail,CASH,,12.79,AUD
8611,2025-08-16T23:57:01,2025-08-16,393,20,Retail,CARD,,11.77,AUD
8612,2025-08-16T02:44:16,2025-08-16,1246,67,Retail,CARD,,6.97,AUD
8613,2025-08-16T14:42:09,2025-08-16,1061,99,Retail,PAYPAL,,9.60,AUD
8614,2025-08-16T00:37:38,2025-08-16,484,93,Retail,PAYPAL,COUPON411,13.40,AUD
8615,2025-08-16T06:42:14,2025-08-16,393,32,Retail,AFTERPAY,,5.41,AUD
8616,2025-08-16T10:11:49,2025-08-16,877,23,Retail,AFTERPAY,,10.51,AUD
8617,2025-08-16T02:33:08,2025-08-16,203,26,Retail,AFTERPAY,,13.75,AUD
8618,2025-08-16T23:53:56,2025-08-16,1206,75,Retail,AFTERPAY,COUPON129,10.63,AUD
8619,2025-08-16T02:20:17,2025-08-16,1587,69,Retail,CARD,,17.06,AUD
8620,2025-08-16T21:46:06,2025-08-16,809,67,Retail,AFTERPAY,,8.48,AUD
8621,2025-08-16T20:14:47,2025-08-16,1161,27,Retail,PAYPAL,,12.43,AUD
8622,2025-08-16T05:24:23,2025-08-16,40,91,Retail,AFTERPAY,COUPON771,5.09,AUD
8623,2025-08-16T21:20:16,2025-08-16,1345,47,Retail,CARD,,0.83,AUD
8624,2025-08-16T04:55:10,2025-08-16,274,91,Retail,AFTERPAY,,12.61,AUD
8625,2025-08-16T10:09:12,2025-08-16,1184,3,Retail,AFTERPAY,,16.11,AUD
8626,2025-08-16T03:27:51,2025-08-16,359,20,Retail,CASH,,11.70,AUD
8627,2025-08-16T07:40:57,2025-08-16,1524,37,Retail,AFTERPAY,,16.55,AUD
8628,2025-08-16T11:34:58,2025-08-16,942,68,Retail,CARD,,10.38,AUD
8629,2025-08-16T18:42:03,2025-08-16,1301,59,Retail,CASH,,0.00,AUD
8630,2025-08-16T11:50:29,2025-08-16,86,21,Retail,CARD,,12.96,AUD
8631,2025-08-16T18:25:30,2025-08-16,380,10,Retail,CARD,,6.32,AUD
8632,2025-08-16T10:56:01,2025-08-16,112,71,Retail,PAYPAL,,22.30,AUD
8633,2025-08-16T03:09:33,2025-08-16,901,95,Retail,CARD,,8.32,AUD
8634,2025-08-16T07:34:05,2025-08-16,1022,55,Retail,CARD,,24.02,AUD
8635,2025-08-16T03:45:51,2025-08-16,697,92,Retail,AFTERPAY,,10.57,AUD
8636,2025-08-16T14:57:50,2025-08-16,1060,39,Retail,PAYPAL,COUPON660,13.79,AUD
8637,2025-08-16T03:19:08,2025-08-16,418,31,Retail,AFTERPAY,,3.13,AUD
8638,2025-08-16T16:19:34,2025-08-16,1214,81,Retail,AFTERPAY,,19.45,AUD
8639,2025-08-16T11:20:20,2025-08-16,1034,60,Retail,PAYPAL,,10.54,AUD
8640,2025-08-16T15:30:51,2025-08-16,1349,18,Retail,CARD,,14.27,AUD
8641,2025-08-16T15:05:17,2025-08-16,331,9999999998,Retail,AFTERPAY,,10.56,AUD
8642,2025-08-16T00:58:23,2025-08-16,1502,77,Retail,CASH,,20.21,AUD
8643,2025-08-16T06:49:44,2025-08-16,40,50,Retail,CASH,,10.40,AUD
8644,2025-08-16T23:03:42,2025-08-16,305,42,Retail,CASH,,19.63,AUD
8645,2025-08-16T10:24:34,2025-08-16,1087,84,Retail,PAYPAL,,17.93,AUD
8646,2025-08-16T21:02:35,2025-08-16,237,34,Retail,CARD,,16.01,AUD
8647,2025-08-16T17:55:52,2025-08-16,578,88,Retail,CARD,,9.43,AUD
8648,2025-08-16T03:19:15,2025-08-16,1578,81,Retail,CASH,,6.13,AUD
8649,2025-08-16T05:27:50,2025-08-16,1551,59,Retail,AFTERPAY,,17.38,AUD
8650,2025-08-16T00:23:20,2025-08-16,569,36,Retail,CASH,,6.40,AUD
8651,2025-08-16T09:28:14,2025-08-16,943,21,Retail,AFTERPAY,,12.42,AUD
8652,2025-08-16T21:54:23,2025-08-16,1526,39,Retail,AFTERPAY,COUPON847,13.07,AUD
8653,2025-08-16T11:50:36,2025-08-16,375,12,Retail,PAYPAL,,10.22,AUD
8654,2025-08-16T03:11:13,2025-08-16,1160,41,Retail,PAYPAL,,15.50,AUD
8655,2025-08-16T00:39:59,2025-08-16,434,43,Retail,CARD,COUPON242,7.55,AUD
8656,2025-08-16T02:34:32,2025-08-16,521,31,Retail,CASH,,14.81,AUD
8657,2025-08-16T09:27:14,2025-08-16,732,40,Retail,CASH,,10.42,AUD
8658,2025-08-16T04:17:50,2025-08-16,878,63,Retail,CASH,,8.12,AUD
8659,2025-08-16T02:47:00,2025-08-16,556,95,Retail,PAYPAL,,19.66,AUD
8660,2025-08-16T16:46:28,2025-08-16,451,70,Retail,CASH,,14.19,AUD
8661,2025-08-16T08:02:42,2025-08-16,739,67,Retail,PAYPAL,COUPON443,8.39,AUD
8662,2025-08-16T08:32:37,2025-08-16,651,82,Retail,AFTERPAY,COUPON434,17.26,AUD
8663,2025-08-16T22:25:59,2025-08-16,645,69,Retail,PAYPAL,,17.48,AUD
8664,2025-08-16T11:17:22,2025-08-16,1253,90,Retail,AFTERPAY,,2.26,AUD
8665,2025-08-16T08:34:48,2025-08-16,1243,58,Retail,PAYPAL,,19.01,AUD
8666,2025-08-16T16:52:55,2025-08-16,655,26,Retail,CASH,,8.58,AUD
8667,2025-08-16T00:01:29,2025-08-16,192,22,Retail,CARD,COUPON567,22.42,AUD
8668,2025-08-16T04:26:07,2025-08-16,22,56,Retail,CASH,,11.49,AUD
8669,2025-08-16T06:56:12,2025-08-16,603,4,Retail,CASH,,12.49,AUD
8670,2025-08-16T12:11:17,2025-08-16,185,34,Retail,PAYPAL,COUPON817,18.22,AUD
8671,2025-08-16T17:58:20,2025-08-16,784,25,Retail,CASH,,8.31,AUD
8672,2025-08-16T11:43:37,2025-08-16,388,92,Retail,PAYPAL,,13.32,AUD
8673,2025-08-16T19:46:47,2025-08-16,1288,40,Retail,CASH,,10.44,AUD
8674,2025-08-16T10:04:30,2025-08-16,454,32,Retail,CASH,,14.01,AUD
8675,2025-08-16T21:35:42,2025-08-16,1516,59,Retail,CARD,COUPON394,11.42,AUD
8676,2025-08-16T05:17:30,2025-08-16,153,82,Retail,PAYPAL,,17.36,AUD
8677,2025-08-16T23:04:04,2025-08-16,989,11,Retail,AFTERPAY,,3.60,AUD
8678,2025-08-16T08:33:21,2025-08-16,1386,32,Retail,CARD,,8.50,AUD
8679,2025-08-16T00:44:49,2025-08-16,1213,4,Retail,PAYPAL,,7.96,AUD
8680,2025-08-16T07:06:51,2025-08-16,967,13,Retail,CARD,,10.80,AUD
8681,2025-08-16T00:24:50,2025-08-16,1231,7,Retail,CARD,,15.12,AUD
8682,2025-08-16T15:22:45,2025-08-16,513,34,Retail,PAYPAL,,19.51,AUD
8683,2025-08-16T13:49:59,2025-08-16,90,64,Retail,AFTERPAY,,15.17,AUD
8684,2025-08-16T20:13:50,2025-08-16,182,31,Retail,CARD,,12.25,AUD
8685,2025-08-16T18:47:11,2025-08-16,811,6,Retail,CARD,,13.69,AUD
8686,2025-08-16T08:50:16,2025-08-16,629,7,Retail,CARD,COUPON308,12.26,AUD
8687,2025-08-16T20:51:52,2025-08-16,669,77,Retail,AFTERPAY,,12.17,AUD
8688,2025-08-16T14:31:18,2025-08-16,1195,48,Retail,PAYPAL,,16.64,AUD
8689,2025-08-16T14:21:41,2025-08-16,761,40,Retail,CARD,,9.86,AUD
8690,2025-08-16T19:53:58,2025-08-16,1418,62,Retail,PAYPAL,,4.05,AUD
8691,2025-08-16T22:52:59,2025-08-16,14,25,Retail,CASH,,8.99,AUD
8692,2025-08-16T04:41:13,2025-08-16,775,28,Retail,AFTERPAY,,17.08,AUD
8693,2025-08-16T21:13:45,2025-08-16,1070,67,Retail,CASH,,18.03,AUD
8694,2025-08-16T11:29:59,2025-08-16,1183,28,Retail,CARD,,14.97,AUD
8695,2025-08-16T16:51:45,2025-08-16,1534,12,Retail,AFTERPAY,,16.35,AUD
8696,2025-08-16T11:22:25,2025-08-16,1126,54,Retail,PAYPAL,,12.32,AUD
8697,2025-08-16T10:17:52,2025-08-16,148,10,Retail,PAYPAL,,10.59,AUD
8698,2025-08-16T16:23:44,2025-08-16,1142,29,Retail,CASH,,16.29,AUD
8699,2025-08-16T21:47:16,2025-08-16,1480,23,Retail,PAYPAL,,13.73,AUD
8700,2025-08-16T05:59:05,2025-08-16,1107,38,Retail,CASH,,10.06,AUD
8701,2025-08-16T19:00:52,2025-08-16,482,92,Retail,AFTERPAY,,10.82,AUD
8702,2025-08-16T01:44:57,2025-08-16,329,12,Retail,CARD,,9.90,AUD
8703,2025-08-16T22:01:48,2025-08-16,238,79,Retail,AFTERPAY,,12.56,AUD
8704,2025-08-16T07:34:07,2025-08-16,1517,89,Retail,CASH,,5.30,AUD
8705,2025-08-16T18:10:19,2025-08-16,993,62,Retail,AFTERPAY,,15.93,AUD
8706,2025-08-16T22:47:52,2025-08-16,1221,45,Retail,CASH,COUPON162,17.27,AUD
8707,2025-08-16T04:11:55,2025-08-16,536,72,Retail,CARD,,4.09,AUD
8708,2025-08-16T20:53:38,2025-08-16,652,74,Retail,PAYPAL,,1.26,AUD
8709,2025-08-16T22:25:08,2025-08-16,386,42,Retail,CASH,,16.49,AUD
8710,2025-08-16T14:53:16,2025-08-16,413,28,Retail,CASH,,10.20,AUD
8711,2025-08-16T01:07:53,2025-08-16,1520,100,Retail,CARD,,19.99,AUD
8712,2025-08-16T15:14:11,2025-08-16,628,33,Retail,CARD,,11.57,AUD
8713,2025-08-16T05:33:40,2025-08-16,1508,89,Retail,CARD,,10.73,AUD
8714,2025-08-16T02:41:40,2025-08-16,580,40,Retail,AFTERPAY,,19.35,AUD
8715,2025-08-16T20:15:20,2025-08-16,956,48,Retail,CARD,COUPON176,14.29,AUD
8716,2025-08-16T18:24:48,2025-08-16,1087,53,Retail,PAYPAL,,17.50,AUD
8717,2025-08-16T17:24:10,2025-08-16,1518,74,Retail,CASH,,11.45,AUD
8718,2025-08-16T20:02:34,2025-08-16,479,55,Retail,AFTERPAY,,9.31,AUD
8719,2025-08-16T21:36:15,2025-08-16,1039,15,Retail,CARD,,9.07,AUD
8720,2025-08-16T19:38:35,2025-08-16,9999999999,31,Retail,AFTERPAY,,13.31,AUD
8721,2025-08-16T11:14:52,2025-08-16,1159,27,Retail,PAYPAL,,12.23,AUD
8722,2025-08-16T22:29:05,2025-08-16,482,77,Retail,AFTERPAY,,15.61,AUD
8723,2025-08-16T09:27:38,2025-08-16,484,14,Retail,CASH,,18.56,AUD
8724,2025-08-16T22:59:21,2025-08-16,519,54,Retail,CASH,,16.28,AUD
8725,2025-08-16T19:13:40,2025-08-16,92,10,Retail,CARD,COUPON531,11.10,AUD
8726,2025-08-16T17:49:46,2025-08-16,1176,69,Retail,AFTERPAY,,9.40,AUD
8727,2025-08-16T04:23:13,2025-08-16,1357,81,Retail,PAYPAL,,15.71,AUD
8728,2025-08-16T06:07:52,2025-08-16,1181,7,Retail,CASH,,20.53,AUD
8729,2025-08-16T11:42:15,2025-08-16,1375,9,Retail,CASH,COUPON523,9.88,AUD
8730,2025-08-16T00:13:08,2025-08-16,609,2,Retail,PAYPAL,,14.70,AUD
8731,2025-08-16T05:22:58,2025-08-16,1536,80,Retail,PAYPAL,,15.50,AUD
8732,2025-08-16T00:42:28,2025-08-16,1233,70,Retail,CARD,,9.46,AUD
8733,2025-08-16T12:11:47,2025-08-16,993,83,Retail,CASH,,5.33,AUD
8734,2025-08-16T04:13:47,2025-08-16,1237,20,Retail,PAYPAL,,13.99,AUD
8735,2025-08-16T09:50:47,2025-08-16,78,50,Retail,PAYPAL,,8.92,AUD
8736,2025-08-16T06:15:13,2025-08-16,156,95,Retail,AFTERPAY,COUPON198,20.22,AUD
8737,2025-08-16T08:19:54,2025-08-16,185,77,Retail,PAYPAL,,18.97,AUD
8738,2025-08-16T11:39:41,2025-08-16,8,84,Retail,CASH,,12.80,AUD
8739,2025-08-16T21:24:56,2025-08-16,855,53,Retail,PAYPAL,,12.67,AUD
8740,2025-08-16T20:59:18,2025-08-16,47,50,Retail,CASH,,14.77,AUD
8741,2025-08-16T22:12:31,2025-08-16,389,55,Retail,AFTERPAY,,16.99,AUD
8742,2025-08-16T05:54:00,2025-08-16,873,89,Retail,PAYPAL,,21.53,AUD
8743,2025-08-16T10:21:54,2025-08-16,659,79,Retail,CARD,,0.00,AUD
8744,2025-08-16T16:08:37,2025-08-16,431,97,Retail,CARD,COUPON767,10.03,AUD
8745,2025-08-16T12:41:33,2025-08-16,1265,9,Retail,CASH,COUPON728,9.08,AUD
8746,2025-08-16T10:01:47,2025-08-16,347,9,Retail,AFTERPAY,,17.88,AUD
8747,2025-08-16T12:26:17,2025-08-16,188,46,Retail,CASH,,9.47,AUD
8748,2025-08-16T06:24:35,2025-08-16,1552,68,Retail,AFTERPAY,,13.48,AUD
8749,2025-08-16T02:55:03,2025-08-16,297,48,Retail,CASH,COUPON652,11.34,AUD
8750,2025-08-16T09:58:41,2025-08-16,872,87,Retail,CASH,,12.45,AUD
8751,2025-08-16T12:48:56,2025-08-16,824,23,Retail,PAYPAL,,4.39,AUD
8752,2025-08-16T09:31:31,2025-08-16,1571,13,Retail,AFTERPAY,,6.22,AUD
8753,2025-08-16T14:27:04,2025-08-16,1414,61,Retail,PAYPAL,,4.78,AUD
8754,2025-08-16T16:46:04,2025-08-16,340,73,Retail,CASH,,8.42,AUD
8755,2025-08-16T07:54:02,2025-08-16,1125,84,Retail,CARD,,14.79,AUD
8756,2025-08-16T21:57:53,2025-08-16,926,40,Retail,PAYPAL,,13.56,AUD
8757,2025-08-16T20:48:14,2025-08-16,955,91,Retail,CARD,,12.44,AUD
8758,2025-08-16T23:27:23,2025-08-16,452,64,Retail,PAYPAL,,14.41,AUD
8759,2025-08-16T11:09:32,2025-08-16,1110,84,Retail,AFTERPAY,,10.65,AUD
8760,2025-08-16T09:48:08,2025-08-16,725,60,Retail,CASH,,0.00,AUD
8761,2025-08-16T02:29:52,2025-08-16,915,25,Retail,PAYPAL,,15.05,AUD
8762,2025-08-16T13:48:08,2025-08-16,1586,23,Retail,CASH,,17.05,AUD
8763,2025-08-16T05:16:25,2025-08-16,504,90,Retail,CASH,,3.70,AUD
8764,2025-08-16T22:03:10,2025-08-16,1303,70,Retail,CASH,,10.41,AUD
8765,2025-08-16T11:05:43,2025-08-16,17,60,Retail,CARD,,9.37,AUD
8766,2025-08-16T12:25:32,2025-08-16,939,12,Retail,CASH,,16.83,AUD
8767,2025-08-16T19:52:36,2025-08-16,1504,41,Retail,AFTERPAY,COUPON673,11.92,AUD
8768,2025-08-16T07:50:00,2025-08-16,1564,44,Retail,CASH,,10.64,AUD
8769,2025-08-16T15:23:44,2025-08-16,150,29,Retail,CASH,,18.23,AUD
8770,2025-08-16T03:16:38,2025-08-16,197,3,Retail,PAYPAL,,4.02,AUD
8771,2025-08-16T03:05:51,2025-08-16,492,75,Retail,AFTERPAY,,16.92,AUD
8772,2025-08-16T02:03:04,2025-08-16,231,47,Retail,AFTERPAY,,9.10,AUD
8773,2025-08-16T18:30:00,2025-08-16,1048,79,Retail,AFTERPAY,,11.54,AUD
8774,2025-08-16T19:20:56,2025-08-16,422,2,Retail,CARD,,7.02,AUD
8775,2025-08-16T18:01:30,2025-08-16,140,47,Retail,CARD,,10.52,AUD
8776,2025-08-16T16:45:55,2025-08-16,1395,67,Retail,PAYPAL,,5.85,AUD
8777,2025-08-16T11:37:01,2025-08-16,821,9999999998,Retail,CARD,COUPON523,2.47,AUD
8778,2025-08-16T07:40:25,2025-08-16,1530,49,Retail,CASH,,18.06,AUD
8779,2025-08-16T14:05:29,2025-08-16,1362,36,Retail,PAYPAL,,15.97,AUD
8780,2025-08-16T20:22:47,2025-08-16,1056,50,Retail,PAYPAL,COUPON836,9.36,AUD
8781,2025-08-16T23:26:27,2025-08-16,802,9,Retail,PAYPAL,,11.09,AUD
8782,2025-08-16T02:30:24,2025-08-16,619,93,Retail,AFTERPAY,,11.63,AUD
8783,2025-08-16T01:48:25,2025-08-16,1513,6,Retail,CARD,,20.64,AUD
8784,2025-08-16T03:27:30,2025-08-16,897,11,Retail,AFTERPAY,COUPON623,18.26,AUD
8785,2025-08-16T12:39:18,2025-08-16,633,53,Retail,CASH,,10.30,AUD
8786,2025-08-16T17:17:56,2025-08-16,162,99,Retail,AFTERPAY,,8.20,AUD
8787,2025-08-16T06:24:41,2025-08-16,777,5,Retail,CASH,,11.45,AUD
8788,2025-08-16T19:53:32,2025-08-16,1020,5,Retail,CASH,,9.96,AUD
8789,2025-08-16T08:07:25,2025-08-16,930,49,Retail,AFTERPAY,,14.19,AUD
8790,2025-08-16T12:56:24,2025-08-16,882,69,Retail,PAYPAL,,20.46,AUD
8791,2025-08-16T14:21:51,2025-08-16,366,72,Retail,CASH,,8.19,AUD
8792,2025-08-16T02:12:20,2025-08-16,458,25,Retail,CARD,,11.00,AUD
8793,2025-08-16T05:33:28,2025-08-16,1447,60,Retail,CARD,,10.24,AUD
8794,2025-08-16T22:03:42,2025-08-16,387,5,Retail,CASH,,11.82,AUD
8795,2025-08-16T22:52:43,2025-08-16,1570,81,Retail,PAYPAL,,8.96,AUD
8796,2025-08-16T04:38:30,2025-08-16,1186,5,Retail,CASH,,19.51,AUD
8797,2025-08-16T03:31:25,2025-08-16,1209,93,Retail,PAYPAL,,14.73,AUD
8798,2025-08-16T12:18:24,2025-08-16,1062,99,Retail,CASH,COUPON988,11.53,AUD
8799,2025-08-16T01:12:33,2025-08-16,495,22,Retail,PAYPAL,COUPON521,10.80,AUD
8800,2025-08-16T15:25:40,2025-08-16,685,14,Retail,CASH,COUPON209,18.63,AUD
8801,2025-08-16T10:15:55,2025-08-16,787,72,Retail,PAYPAL,,18.90,AUD
8802,2025-08-16T04:58:05,2025-08-16,1460,39,Retail,CARD,COUPON994,13.98,AUD
8803,2025-08-16T21:34:01,2025-08-16,29,5,Retail,PAYPAL,,15.75,AUD
8804,2025-08-16T20:12:06,2025-08-16,877,6,Retail,CASH,,16.00,AUD
8805,2025-08-16T13:25:44,2025-08-16,19,89,Retail,CARD,COUPON522,11.33,AUD
8806,2025-08-16T21:37:21,2025-08-16,720,48,Retail,CARD,COUPON750,10.88,AUD
8807,2025-08-16T22:41:24,2025-08-16,1452,78,Retail,CARD,COUPON815,4.94,AUD
8808,2025-08-16T09:01:19,2025-08-16,1300,33,Retail,AFTERPAY,,7.62,AUD
8809,2025-08-16T15:57:51,2025-08-16,806,51,Retail,CASH,,8.53,AUD
8810,2025-08-16T12:37:26,2025-08-16,1329,59,Retail,PAYPAL,,11.62,AUD
8811,2025-08-16T23:14:36,2025-08-16,1163,36,Retail,CARD,,9.44,AUD
8812,2025-08-16T12:52:58,2025-08-16,326,24,Retail,PAYPAL,,14.89,AUD
8813,2025-08-16T17:43:46,2025-08-16,1306,92,Retail,AFTERPAY,COUPON914,7.45,AUD
8814,2025-08-16T18:46:18,2025-08-16,1371,41,Retail,CASH,,14.50,AUD
8815,2025-08-16T00:00:00,2025-08-16,98,5,Retail,AFTERPAY,,5.90,AUD
8816,2025-08-16T19:52:28,2025-08-16,1588,11,Retail,AFTERPAY,,10.98,AUD
8817,2025-08-16T18:28:31,2025-08-16,1186,40,Retail,PAYPAL,,9.16,AUD
8818,2025-08-16T13:41:51,2025-08-16,557,87,Retail,CASH,,20.60,AUD
8819,2025-08-16T09:36:15,2025-08-16,972,90,Retail,CASH,,7.76,AUD
8820,2025-08-16T22:24:35,2025-08-16,101,34,Retail,CARD,,12.10,AUD
8821,2025-08-16T08:58:31,2025-08-16,480,20,Retail,CARD,,15.48,AUD
8822,2025-08-16T19:38:30,2025-08-16,1486,50,Retail,CARD,,15.62,AUD
8823,2025-08-16T19:25:24,2025-08-16,1551,58,Retail,PAYPAL,,12.55,AUD
8824,2025-08-16T20:49:40,2025-08-16,1303,28,Retail,PAYPAL,,6.76,AUD
8825,2025-08-16T19:30:10,2025-08-16,159,40,Retail,CARD,,0.00,AUD
8826,2025-08-16T05:08:46,2025-08-16,1162,54,Retail,AFTERPAY,,16.17,AUD
8827,2025-08-16T08:13:47,2025-08-16,54,25,Retail,CASH,,22.83,AUD
8828,2025-08-16T09:46:49,2025-08-16,350,91,Retail,AFTERPAY,,8.95,AUD
8829,2025-08-16T01:28:46,2025-08-16,918,89,Retail,CARD,,15.32,AUD
8830,2025-08-16T10:13:44,2025-08-16,793,83,Retail,AFTERPAY,,5.21,AUD
8831,2025-08-16T04:32:03,2025-08-16,826,4,Retail,CASH,,13.34,AUD
8832,2025-08-16T17:11:11,2025-08-16,175,12,Retail,CASH,COUPON703,16.77,AUD
8833,2025-08-16T01:54:52,2025-08-16,705,79,Retail,CASH,,12.77,AUD
8834,2025-08-16T17:11:59,2025-08-16,1394,48,Retail,AFTERPAY,COUPON581,14.24,AUD
8835,2025-08-16T08:13:17,2025-08-16,657,44,Retail,PAYPAL,,9.58,AUD
8836,2025-08-16T07:38:23,2025-08-16,219,71,Retail,CASH,,21.13,AUD
8837,2025-08-16T08:04:00,2025-08-16,75,65,Retail,CASH,,12.12,AUD
8838,2025-08-16T14:49:53,2025-08-16,593,10,Retail,PAYPAL,COUPON361,16.05,AUD
8839,2025-08-16T09:07:42,2025-08-16,19,81,Retail,CASH,,21.89,AUD
8840,2025-08-16T09:10:55,2025-08-16,752,32,Retail,CARD,,9.17,AUD
8841,2025-08-16T00:06:55,2025-08-16,1456,21,Retail,CASH,,11.44,AUD
8842,2025-08-16T14:04:18,2025-08-16,876,19,Retail,PAYPAL,,18.55,AUD
8843,2025-08-16T13:40:17,2025-08-16,767,28,Retail,AFTERPAY,COUPON591,7.73,AUD
8844,2025-08-16T03:50:51,2025-08-16,1468,40,Retail,CARD,,14.98,AUD
8845,2025-08-16T00:08:45,2025-08-16,1586,44,Retail,PAYPAL,,13.55,AUD
8846,2025-08-16T07:10:44,2025-08-16,453,66,Retail,AFTERPAY,,2.81,AUD
8847,2025-08-16T09:35:07,2025-08-16,1385,21,Retail,AFTERPAY,,17.61,AUD
8848,2025-08-16T08:04:32,2025-08-16,1448,14,Retail,AFTERPAY,,17.17,AUD
8849,2025-08-16T03:05:53,2025-08-16,645,97,Retail,AFTERPAY,,9.59,AUD
8850,2025-08-16T14:35:45,2025-08-16,1391,16,Retail,AFTERPAY,,9.98,AUD
8851,2025-08-16T10:23:56,2025-08-16,181,87,Retail,AFTERPAY,,7.23,AUD
8852,2025-08-16T17:23:12,2025-08-16,390,63,Retail,AFTERPAY,,5.35,AUD
8853,2025-08-16T13:39:16,2025-08-16,195,46,Retail,PAYPAL,,8.41,AUD
8854,2025-08-16T14:40:25,2025-08-16,454,31,Retail,CARD,,8.27,AUD
8855,2025-08-16T04:06:10,2025-08-16,1182,65,Retail,CASH,,12.09,AUD
8856,2025-08-16T13:34:51,2025-08-16,296,13,Retail,PAYPAL,,9.21,AUD
8857,2025-08-16T09:48:49,2025-08-16,988,11,Retail,CARD,,20.24,AUD
8858,2025-08-16T11:39:06,2025-08-16,1213,56,Retail,AFTERPAY,,12.39,AUD
8859,2025-08-16T12:36:59,2025-08-16,1201,13,Retail,PAYPAL,,20.12,AUD
8860,2025-08-16T06:24:59,2025-08-16,398,38,Retail,AFTERPAY,,4.65,AUD
8861,2025-08-16T08:23:41,2025-08-16,188,99,Retail,AFTERPAY,COUPON584,0.19,AUD
8862,2025-08-16T13:51:56,2025-08-16,401,40,Retail,AFTERPAY,,13.22,AUD
8863,2025-08-16T22:42:17,2025-08-16,1173,47,Retail,CARD,,14.07,AUD
8864,2025-08-16T16:20:20,2025-08-16,19,81,Retail,CARD,,12.76,AUD
8865,2025-08-16T19:11:22,2025-08-16,1151,5,Retail,AFTERPAY,,7.91,AUD
8866,2025-08-16T09:02:37,2025-08-16,649,87,Retail,CARD,,15.27,AUD
8867,2025-08-16T22:44:24,2025-08-16,9999999999,53,Retail,AFTERPAY,COUPON706,16.37,AUD
8868,2025-08-16T02:24:44,2025-08-16,1311,81,Retail,CARD,,14.83,AUD
8869,2025-08-16T02:17:39,2025-08-16,1246,43,Retail,AFTERPAY,,10.59,AUD
8870,2025-08-16T18:46:57,2025-08-16,883,1,Retail,CASH,,10.42,AUD
8871,2025-08-16T04:04:32,2025-08-16,221,3,Retail,CASH,,12.73,AUD
8872,2025-08-16T04:29:09,2025-08-16,1282,93,Retail,CASH,,10.21,AUD
8873,2025-08-16T19:15:37,2025-08-16,1263,88,Retail,PAYPAL,,0.00,AUD
8874,2025-08-16T06:14:12,2025-08-16,791,66,Retail,AFTERPAY,,14.78,AUD
8875,2025-08-16T06:02:40,2025-08-16,32,37,Retail,AFTERPAY,,6.30,AUD
8876,2025-08-16T06:22:22,2025-08-16,1448,40,Retail,CARD,,10.12,AUD
8877,2025-08-16T21:59:01,2025-08-16,431,52,Retail,PAYPAL,,19.91,AUD
8878,2025-08-16T15:42:34,2025-08-16,1094,91,Retail,AFTERPAY,,6.48,AUD
8879,2025-08-16T06:27:52,2025-08-16,8,53,Retail,PAYPAL,,11.35,AUD
8880,2025-08-16T00:45:10,2025-08-16,928,32,Retail,PAYPAL,,15.37,AUD
8881,2025-08-16T08:45:30,2025-08-16,1315,42,Retail,PAYPAL,,4.87,AUD
8882,2025-08-16T02:00:07,2025-08-16,1198,13,Retail,AFTERPAY,,12.60,AUD
8883,2025-08-16T16:46:46,2025-08-16,858,26,Retail,CASH,,20.71,AUD
8884,2025-08-16T16:00:15,2025-08-16,1421,89,Retail,PAYPAL,,15.61,AUD
8885,2025-08-16T06:14:47,2025-08-16,558,23,Retail,AFTERPAY,,10.63,AUD
8886,2025-08-16T12:19:56,2025-08-16,631,96,Retail,CASH,,3.85,AUD
8887,2025-08-16T17:57:10,2025-08-16,593,96,Retail,AFTERPAY,,14.93,AUD
8888,2025-08-16T09:13:01,2025-08-16,1376,98,Retail,CASH,,7.31,AUD
8889,2025-08-16T04:38:31,2025-08-16,1182,91,Retail,AFTERPAY,,15.81,AUD
8890,2025-08-16T16:02:32,2025-08-16,867,26,Retail,CARD,,13.75,AUD
8891,2025-08-16T18:55:14,2025-08-16,1164,69,Retail,AFTERPAY,,12.32,AUD
8892,2025-08-16T10:04:35,2025-08-16,692,86,Retail,PAYPAL,,1.68,AUD
8893,2025-08-16T21:01:27,2025-08-16,693,61,Retail,CARD,,4.56,AUD
8894,2025-08-16T20:38:37,2025-08-16,51,25,Retail,CASH,,12.23,AUD
8895,2025-08-16T07:36:25,2025-08-16,773,71,Retail,AFTERPAY,,8.17,AUD
5503,2025-08-16T13:02:03,2025-08-16,1140,38,Retail,CARD,,10.57,AUD
8896,2025-08-16T18:55:57,2025-08-16,1048,83,Retail,CARD,,9.47,AUD
8897,2025-08-16T19:31:50,2025-08-16,1108,31,Retail,PAYPAL,,0.00,AUD
8898,2025-08-16T12:36:15,2025-08-16,538,74,Retail,AFTERPAY,,3.63,AUD
8899,2025-08-16T16:19:28,2025-08-16,877,100,Retail,PAYPAL,,18.68,AUD
8900,2025-08-16T17:42:56,2025-08-16,1309,44,Retail,CARD,,11.54,AUD
8901,2025-08-16T16:08:15,2025-08-16,615,88,Retail,PAYPAL,,15.45,AUD
8902,2025-08-16T00:24:47,2025-08-16,168,66,Retail,CARD,COUPON587,13.06,AUD
8903,2025-08-16T17:14:15,2025-08-16,1436,96,Retail,PAYPAL,,7.78,AUD
8904,2025-08-16T00:13:45,2025-08-16,1246,34,Retail,CARD,,14.15,AUD
8905,2025-08-16T09:14:05,2025-08-16,390,19,Retail,AFTERPAY,,17.76,AUD
8906,2025-08-16T14:15:16,2025-08-16,1536,85,Retail,CARD,,19.05,AUD
8907,2025-08-16T23:36:57,2025-08-16,1277,25,Retail,CASH,,11.37,AUD
8908,2025-08-16T09:25:46,2025-08-16,968,12,Retail,CASH,,15.54,AUD
8909,2025-08-16T10:42:43,2025-08-16,239,3,Retail,CASH,,21.84,AUD
8910,2025-08-16T13:56:48,2025-08-16,451,21,Retail,CASH,,12.56,AUD
8911,2025-08-16T05:32:24,2025-08-16,1280,50,Retail,CASH,COUPON226,8.79,AUD
8912,2025-08-16T14:16:43,2025-08-16,1336,57,Retail,CARD,COUPON995,13.76,AUD
8913,2025-08-16T01:12:28,2025-08-16,641,27,Retail,PAYPAL,,14.03,AUD
8914,2025-08-16T19:49:26,2025-08-16,1087,1,Retail,AFTERPAY,COUPON329,8.34,AUD
8915,2025-08-16T04:05:12,2025-08-16,599,86,Retail,CASH,,16.38,AUD
8916,2025-08-16T04:41:19,2025-08-16,1148,43,Retail,CASH,,13.11,AUD
8917,2025-08-16T07:50:14,2025-08-16,124,79,Retail,CASH,,14.18,AUD
8918,2025-08-16T03:26:41,2025-08-16,253,52,Retail,CASH,,13.97,AUD
8919,2025-08-16T16:43:13,2025-08-16,325,29,Retail,CASH,,7.98,AUD
8920,2025-08-16T14:55:20,2025-08-16,1412,76,Retail,CARD,,10.74,AUD
8921,2025-08-16T07:31:46,2025-08-16,504,66,Retail,PAYPAL,,13.26,AUD
8922,2025-08-16T09:04:10,2025-08-16,740,96,Retail,AFTERPAY,,7.76,AUD
8923,2025-08-16T08:59:29,2025-08-16,1233,100,Retail,CARD,,8.13,AUD
8924,2025-08-16T09:02:40,2025-08-16,1113,71,Retail,AFTERPAY,,10.14,AUD
8925,2025-08-16T06:36:53,2025-08-16,1197,31,Retail,PAYPAL,,17.98,AUD
8926,2025-08-16T04:33:31,2025-08-16,388,60,Retail,CASH,,20.48,AUD
8927,2025-08-16T00:46:42,2025-08-16,1351,34,Retail,PAYPAL,,12.46,AUD
8928,2025-08-16T14:34:20,2025-08-16,1033,5,Retail,PAYPAL,COUPON684,19.93,AUD
8929,2025-08-16T04:25:58,2025-08-16,1428,82,Retail,CASH,,8.83,AUD
8930,2025-08-16T17:53:31,2025-08-16,95,2,Retail,AFTERPAY,,8.40,AUD
8931,2025-08-16T12:38:20,2025-08-16,449,39,Retail,CASH,,14.02,AUD
8932,2025-08-16T02:30:11,2025-08-16,1011,49,Retail,CARD,,8.91,AUD
8933,2025-08-16T18:13:02,2025-08-16,96,38,Retail,AFTERPAY,,22.95,AUD
8934,2025-08-16T18:05:15,2025-08-16,654,76,Retail,CASH,,8.69,AUD
8935,2025-08-16T07:52:33,2025-08-16,237,100,Retail,PAYPAL,,14.69,AUD
8936,2025-08-16T06:18:08,2025-08-16,1055,29,Retail,CASH,COUPON368,9.49,AUD
8937,2025-08-16T04:53:45,2025-08-16,920,19,Retail,AFTERPAY,,15.13,AUD
8938,2025-08-16T11:20:53,2025-08-16,526,59,Retail,CASH,,11.24,AUD
8939,2025-08-16T06:36:20,2025-08-16,518,36,Retail,PAYPAL,,8.34,AUD
8940,2025-08-16T02:37:51,2025-08-16,804,96,Retail,PAYPAL,,10.22,AUD
8941,2025-08-16T08:35:55,2025-08-16,331,69,Retail,PAYPAL,,10.08,AUD
8942,2025-08-16T08:05:16,2025-08-16,311,39,Retail,PAYPAL,,13.58,AUD
8943,2025-08-16T18:56:43,2025-08-16,645,72,Retail,CARD,,7.49,AUD
8944,2025-08-16T19:44:02,2025-08-16,944,31,Retail,PAYPAL,,8.65,AUD
8945,2025-08-16T21:21:53,2025-08-16,1300,28,Retail,CARD,,10.52,AUD
8946,2025-08-16T08:43:21,2025-08-16,1462,87,Retail,PAYPAL,,5.71,AUD
8947,2025-08-16T03:48:36,2025-08-16,227,49,Retail,PAYPAL,,5.06,AUD
8948,2025-08-16T10:33:53,2025-08-16,531,1,Retail,CARD,,19.16,AUD
8949,2025-08-16T23:18:08,2025-08-16,1488,2,Retail,AFTERPAY,,24.07,AUD
8950,2025-08-16T10:44:06,2025-08-16,9999999999,20,Retail,CARD,,12.32,AUD
8951,2025-08-16T15:51:08,2025-08-16,164,24,Retail,PAYPAL,,23.76,AUD
8952,2025-08-16T19:51:33,2025-08-16,57,91,Retail,CARD,,13.70,AUD
8953,2025-08-16T06:29:18,2025-08-16,507,53,Retail,PAYPAL,,7.53,AUD
8954,2025-08-16T11:00:25,2025-08-16,885,67,Retail,CASH,,7.23,AUD
8955,2025-08-16T11:53:05,2025-08-16,411,11,Retail,AFTERPAY,COUPON656,15.53,AUD
8956,2025-08-16T04:35:13,2025-08-16,122,74,Retail,AFTERPAY,,11.72,AUD
8957,2025-08-16T18:41:33,2025-08-16,1455,14,Retail,CARD,,17.78,AUD
8958,2025-08-16T17:02:16,2025-08-16,1110,83,Retail,PAYPAL,,10.89,AUD
8959,2025-08-16T23:17:18,2025-08-16,1473,61,Retail,CARD,,3.74,AUD
8960,2025-08-16T06:41:19,2025-08-16,852,99,Retail,CARD,,3.74,AUD
8961,2025-08-16T22:46:31,2025-08-16,1420,82,Retail,PAYPAL,,14.24,AUD
8962,2025-08-16T10:32:00,2025-08-16,1021,90,Retail,CASH,,14.02,AUD
8963,2025-08-16T13:52:02,2025-08-16,1129,12,Retail,PAYPAL,,8.27,AUD
8964,2025-08-16T16:03:42,2025-08-16,655,72,Retail,CASH,,12.29,AUD
8965,2025-08-16T08:42:28,2025-08-16,1154,84,Retail,CARD,,8.32,AUD
8966,2025-08-16T23:58:54,2025-08-16,745,19,Retail,CASH,,14.26,AUD
8967,2025-08-16T05:51:49,2025-08-16,1140,4,Retail,CASH,,13.20,AUD
8968,2025-08-16T14:14:36,2025-08-16,418,72,Retail,AFTERPAY,,11.66,AUD
8969,2025-08-16T00:42:49,2025-08-16,594,59,Retail,AFTERPAY,,7.86,AUD
8970,2025-08-16T16:04:01,2025-08-16,1289,36,Retail,CARD,,9.01,AUD
8971,2025-08-16T04:57:25,2025-08-16,140,45,Retail,CARD,,16.19,AUD
8972,2025-08-16T07:28:52,2025-08-16,376,83,Retail,AFTERPAY,COUPON986,14.54,AUD
8973,2025-08-16T07:30:33,2025-08-16,311,62,Retail,CASH,COUPON848,12.60,AUD
8974,2025-08-16T08:41:55,2025-08-16,1576,19,Retail,PAYPAL,,6.50,AUD
8975,2025-08-16T16:07:09,2025-08-16,423,19,Retail,PAYPAL,,9.77,AUD
8976,2025-08-16T16:18:25,2025-08-16,121,33,Retail,CASH,,2.79,AUD
8977,2025-08-16T00:57:14,2025-08-16,1572,90,Retail,CASH,,19.56,AUD
8978,2025-08-16T05:56:31,2025-08-16,61,19,Retail,AFTERPAY,COUPON278,15.22,AUD
8979,2025-08-16T01:34:02,2025-08-16,1109,65,Retail,PAYPAL,,11.02,AUD
8980,2025-08-16T06:58:51,2025-08-16,916,96,Retail,CARD,,14.88,AUD
8981,2025-08-16T09:50:33,2025-08-16,722,82,Retail,CARD,,7.83,AUD
8982,2025-08-16T23:31:16,2025-08-16,1001,12,Retail,CASH,,27.45,AUD
8983,2025-08-16T20:33:02,2025-08-16,548,87,Retail,CARD,COUPON654,9.75,AUD
8984,2025-08-16T13:54:28,2025-08-16,106,22,Retail,PAYPAL,,16.35,AUD
8985,2025-08-16T12:49:35,2025-08-16,72,74,Retail,AFTERPAY,COUPON456,10.31,AUD
8986,2025-08-16T22:00:17,2025-08-16,509,91,Retail,CASH,,11.62,AUD
8987,2025-08-16T01:01:39,2025-08-16,732,9,Retail,PAYPAL,,9.04,AUD
8988,2025-08-16T21:45:13,2025-08-16,1064,32,Retail,PAYPAL,,21.89,AUD
8989,2025-08-16T22:22:19,2025-08-16,33,9,Retail,CARD,COUPON555,8.38,AUD
8990,2025-08-16T05:41:25,2025-08-16,632,88,Retail,AFTERPAY,,1.57,AUD
8991,2025-08-16T15:46:50,2025-08-16,985,82,Retail,PAYPAL,COUPON460,12.73,AUD
8992,2025-08-16T06:52:06,2025-08-16,1109,58,Retail,CASH,,15.52,AUD
8993,2025-08-16T02:39:29,2025-08-16,276,99,Retail,AFTERPAY,,9.77,AUD
8994,2025-08-16T18:31:58,2025-08-16,982,64,Retail,PAYPAL,,11.83,AUD
8995,2025-08-16T19:50:16,2025-08-16,601,82,Retail,AFTERPAY,COUPON491,10.00,AUD
8996,2025-08-16T19:30:03,2025-08-16,4,76,Retail,PAYPAL,,6.19,AUD
8997,2025-08-16T17:59:46,2025-08-16,222,57,Retail,PAYPAL,,15.34,AUD
8998,2025-08-16T01:31:37,2025-08-16,514,43,Retail,PAYPAL,,16.47,AUD
8999,2025-08-16T14:41:15,2025-08-16,979,38,Retail,CARD,,17.24,AUD
9000,2025-08-16T15:06:11,2025-08-16,209,85,Retail,CARD,,10.19,AUD
9001,2025-08-16T12:56:21,2025-08-16,259,71,Retail,PAYPAL,COUPON325,23.56,AUD
9002,2025-08-16T19:29:38,2025-08-16,510,75,Retail,CARD,,17.59,AUD
9003,2025-08-16T04:50:26,2025-08-16,1539,6,Retail,CASH,,18.72,AUD
9004,2025-08-16T08:41:08,2025-08-16,1168,52,Retail,CARD,,15.18,AUD
9005,2025-08-16T11:46:01,2025-08-16,387,92,Retail,AFTERPAY,,15.74,AUD
9006,2025-08-16T13:53:44,2025-08-16,902,9999999998,Retail,PAYPAL,,22.57,AUD
9007,2025-08-16T16:15:04,2025-08-16,362,5,Retail,CARD,,9.42,AUD
9008,2025-08-16T15:11:27,2025-08-16,1519,81,Retail,CARD,,10.38,AUD
9009,2025-08-16T13:08:27,2025-08-16,1048,26,Retail,CARD,,9.50,AUD
9010,2025-08-16T00:24:42,2025-08-16,1308,68,Retail,CASH,,14.36,AUD
9011,2025-08-16T21:26:33,2025-08-16,1030,13,Retail,PAYPAL,,12.81,AUD
9012,2025-08-16T22:41:41,2025-08-16,254,50,Retail,CARD,,11.43,AUD
9013,2025-08-16T22:48:10,2025-08-16,276,33,Retail,AFTERPAY,,13.36,AUD
9014,2025-08-16T09:46:17,2025-08-16,684,99,Retail,CARD,,15.28,AUD
9015,2025-08-16T02:50:06,2025-08-16,1420,79,Retail,AFTERPAY,,15.22,AUD
9016,2025-08-16T21:54:21,2025-08-16,527,28,Retail,CARD,,10.94,AUD
9017,2025-08-16T07:28:03,2025-08-16,1243,18,Retail,CARD,,11.95,AUD
9018,2025-08-16T05:42:24,2025-08-16,864,38,Retail,CASH,,8.70,AUD
9019,2025-08-16T08:58:19,2025-08-16,111,48,Retail,CARD,,15.74,AUD
9020,2025-08-16T01:17:52,2025-08-16,182,88,Retail,CASH,,6.68,AUD
9021,2025-08-16T14:33:11,2025-08-16,1389,41,Retail,PAYPAL,,15.77,AUD
9022,2025-08-16T11:50:48,2025-08-16,401,9999999998,Retail,AFTERPAY,COUPON340,16.12,AUD
9023,2025-08-16T18:57:47,2025-08-16,1043,94,Retail,PAYPAL,,14.29,AUD
9024,2025-08-16T03:57:10,2025-08-16,828,1,Retail,CASH,,15.82,AUD
9025,2025-08-16T16:51:19,2025-08-16,572,9999999998,Retail,PAYPAL,,6.25,AUD
9026,2025-08-16T06:50:50,2025-08-16,394,95,Retail,CARD,,8.25,AUD
9027,2025-08-16T03:48:35,2025-08-16,1082,74,Retail,CARD,,19.24,AUD
9028,2025-08-16T12:03:09,2025-08-16,685,91,Retail,CASH,COUPON735,8.04,AUD
9029,2025-08-16T21:31:16,2025-08-16,337,39,Retail,CARD,,10.99,AUD
9030,2025-08-16T09:14:49,2025-08-16,269,57,Retail,PAYPAL,,14.37,AUD
9031,2025-08-16T12:31:27,2025-08-16,827,95,Retail,PAYPAL,,18.51,AUD
9032,2025-08-16T21:06:55,2025-08-16,146,46,Retail,AFTERPAY,,15.02,AUD
9033,2025-08-16T11:58:47,2025-08-16,944,44,Retail,PAYPAL,,0.23,AUD
9034,2025-08-16T17:18:00,2025-08-16,586,16,Retail,CASH,,4.59,AUD
9035,2025-08-16T08:07:41,2025-08-16,107,53,Retail,AFTERPAY,,15.00,AUD
9036,2025-08-16T23:52:02,2025-08-16,380,15,Retail,CARD,,14.82,AUD
9037,2025-08-16T15:54:53,2025-08-16,635,42,Retail,CARD,COUPON931,12.34,AUD
9038,2025-08-16T17:37:41,2025-08-16,1509,13,Retail,CASH,,4.33,AUD
9039,2025-08-16T03:39:55,2025-08-16,967,70,Retail,CARD,,15.63,AUD
9040,2025-08-16T09:24:39,2025-08-16,733,34,Retail,CASH,,19.65,AUD
9041,2025-08-16T03:09:46,2025-08-16,77,7,Retail,CARD,,17.62,AUD
9042,2025-08-16T23:17:37,2025-08-16,1449,74,Retail,PAYPAL,,14.07,AUD
9043,2025-08-16T17:05:15,2025-08-16,990,79,Retail,PAYPAL,,9.77,AUD
9044,2025-08-16T02:03:37,2025-08-16,764,58,Retail,CASH,,3.60,AUD
9045,2025-08-16T14:08:46,2025-08-16,1119,20,Retail,AFTERPAY,,9.95,AUD
9046,2025-08-16T12:41:06,2025-08-16,330,87,Retail,PAYPAL,,14.86,AUD
9047,2025-08-16T08:13:35,2025-08-16,974,14,Retail,CARD,,15.52,AUD
9048,2025-08-16T03:49:37,2025-08-16,351,87,Retail,CASH,COUPON206,16.93,AUD
9049,2025-08-16T15:49:22,2025-08-16,763,9999999998,Retail,PAYPAL,,1.74,AUD
9050,2025-08-16T04:33:17,2025-08-16,129,51,Retail,PAYPAL,,5.35,AUD
9051,2025-08-16T09:02:21,2025-08-16,403,17,Retail,CARD,,13.21,AUD
9052,2025-08-16T23:52:55,2025-08-16,12,27,Retail,AFTERPAY,COUPON938,8.55,AUD
9053,2025-08-16T21:13:42,2025-08-16,148,24,Retail,CARD,,19.33,AUD
9054,2025-08-16T03:25:57,2025-08-16,1528,47,Retail,CASH,,16.23,AUD
9055,2025-08-16T00:22:45,2025-08-16,1546,20,Retail,PAYPAL,,0.00,AUD
9056,2025-08-16T21:06:47,2025-08-16,226,96,Retail,CARD,,12.26,AUD
9057,2025-08-16T15:56:40,2025-08-16,504,95,Retail,CARD,,16.94,AUD
9058,2025-08-16T20:45:26,2025-08-16,417,80,Retail,CASH,,7.89,AUD
9059,2025-08-16T02:49:17,2025-08-16,954,75,Retail,CARD,,10.20,AUD
9060,2025-08-16T19:03:13,2025-08-16,456,88,Retail,AFTERPAY,,15.64,AUD
9061,2025-08-16T01:37:52,2025-08-16,942,49,Retail,PAYPAL,,14.76,AUD
9062,2025-08-16T06:53:52,2025-08-16,1069,49,Retail,AFTERPAY,,10.87,AUD
9063,2025-08-16T04:52:08,2025-08-16,1236,30,Retail,AFTERPAY,,4.97,AUD
9064,2025-08-16T12:30:23,2025-08-16,1560,48,Retail,CASH,,18.54,AUD
9065,2025-08-16T13:47:02,2025-08-16,1168,90,Retail,PAYPAL,,17.24,AUD
9066,2025-08-16T08:44:38,2025-08-16,311,52,Retail,PAYPAL,,13.69,AUD
9067,2025-08-16T09:39:50,2025-08-16,1362,10,Retail,CASH,,11.46,AUD
9068,2025-08-16T02:25:02,2025-08-16,1003,96,Retail,AFTERPAY,,5.87,AUD
9069,2025-08-16T05:20:10,2025-08-16,357,89,Retail,CASH,,10.86,AUD
9070,2025-08-16T09:31:38,2025-08-16,116,20,Retail,CASH,,8.15,AUD
9071,2025-08-16T20:30:36,2025-08-16,1017,10,Retail,PAYPAL,,13.58,AUD
9072,2025-08-16T10:50:54,2025-08-16,1204,45,Retail,AFTERPAY,,10.18,AUD
9073,2025-08-16T18:25:57,2025-08-16,1216,49,Retail,PAYPAL,,14.01,AUD
9074,2025-08-16T20:47:53,2025-08-16,144,95,Retail,AFTERPAY,,10.42,AUD
9075,2025-08-16T02:21:16,2025-08-16,1049,27,Retail,AFTERPAY,COUPON626,6.72,AUD
9076,2025-08-16T22:24:04,2025-08-16,432,85,Retail,PAYPAL,,12.92,AUD
9077,2025-08-16T22:14:08,2025-08-16,1157,25,Retail,CARD,,11.10,AUD
9078,2025-08-16T16:28:50,2025-08-16,584,96,Retail,CASH,,12.45,AUD
9079,2025-08-16T06:18:47,2025-08-16,145,19,Retail,PAYPAL,,19.05,AUD
9080,2025-08-16T02:18:42,2025-08-16,880,70,Retail,PAYPAL,,7.03,AUD
9081,2025-08-16T10:33:59,2025-08-16,62,73,Retail,AFTERPAY,,8.93,AUD
9082,2025-08-16T03:32:56,2025-08-16,1386,35,Retail,PAYPAL,,21.77,AUD
9083,2025-08-16T09:17:40,2025-08-16,1306,46,Retail,PAYPAL,COUPON758,17.15,AUD
9084,2025-08-16T14:03:22,2025-08-16,332,78,Retail,CARD,COUPON222,9.16,AUD
9085,2025-08-16T23:28:19,2025-08-16,635,93,Retail,CARD,,13.49,AUD
9086,2025-08-16T04:05:27,2025-08-16,951,34,Retail,CARD,,16.26,AUD
